year,salary_growth_pct,inflation_pct,real_wage_growth_pct,salary_lower_pct,salary_upper_pct,inflation_lower_pct,inflation_upper_pct,status
2021,11.5,6.7,4.5,,,,,Факт из сводной таблицы макроэкономического опроса Банка России
2022,14.1,13.8,0.3,,,,,Факт из сводной таблицы макроэкономического опроса Банка России
2023,14.6,5.9,8.2,,,,,Факт из сводной таблицы макроэкономического опроса Банка России
2024,19.0,8.4,9.7,,,,,Факт из сводной таблицы макроэкономического опроса Банка России
2025,14.3,8.7,5.2,,,,,Факт из сводной таблицы макроэкономического опроса Банка России
2026,10.2,6.0,4.1,8.43,12.04,5.7,6.3,Медиана прогнозов участников июльского опроса Банка России
2027,8.0,4.9,2.5,5.98,8.81,4.3,6.0,Медиана прогнозов участников июльского опроса Банка России
2028,7.0,4.1,2.6,5.59,8.13,4.0,4.82,Медиана прогнозов участников июльского опроса Банка России
2029,6.5,4.0,2.3,5.15,7.3,3.96,4.17,Медиана прогнозов участников июльского опроса Банка России
