region,professional_group,sample_vacancies,salary_observations,median_salary_offer_rur,sample_share_pct
Алтайский край,Инженерия и производство,2,2,41175.0,5.88235294117647
Алтайский край,Медицина и фармацевтика,3,3,50600.0,8.823529411764707
Алтайский край,Продажи и клиентский сервис,8,8,44750.0,23.52941176470588
Алтайский край,Прочие профессии,11,11,45000.0,32.35294117647059
Алтайский край,Рабочий и обслуживающий персонал,2,2,112500.0,5.88235294117647
Алтайский край,Транспорт и логистика,4,4,132500.0,11.76470588235294
Алтайский край,Управление,4,4,242500.0,11.76470588235294
Амурская область,Инженерия и производство,2,1,180000.0,5.714285714285714
Амурская область,Информационные технологии,1,1,110000.0,2.857142857142857
Амурская область,"Маркетинг, медиа и дизайн",4,3,50000.0,11.428571428571429
Амурская область,Охрана и безопасность,1,1,250560.0,2.857142857142857
Амурская область,Продажи и клиентский сервис,5,5,50000.0,14.285714285714285
Амурская область,Прочие профессии,9,8,58250.0,25.71428571428571
Амурская область,Рабочий и обслуживающий персонал,2,2,253000.0,5.714285714285714
Амурская область,Транспорт и логистика,5,5,100200.0,14.285714285714285
Амурская область,Управление,2,1,93500.0,5.714285714285714
Амурская область,"Финансы, бухгалтерия и право",4,4,83750.0,11.428571428571429
Архангельская область,Инженерия и производство,3,2,409600.0,8.571428571428571
Архангельская область,Медицина и фармацевтика,2,2,52650.0,5.714285714285714
Архангельская область,Продажи и клиентский сервис,3,3,42500.0,8.571428571428571
Архангельская область,Прочие профессии,10,10,43338.75,28.57142857142857
Архангельская область,Транспорт и логистика,9,9,85000.0,25.71428571428571
Архангельская область,Управление,3,3,100000.0,8.571428571428571
Архангельская область,"Финансы, бухгалтерия и право",5,4,70000.0,14.285714285714285
Астраханская область,"Маркетинг, медиа и дизайн",1,0,,2.941176470588235
Астраханская область,Медицина и фармацевтика,1,1,100000.0,2.941176470588235
Астраханская область,Продажи и клиентский сервис,8,7,52500.0,23.52941176470588
Астраханская область,Прочие профессии,10,10,68250.0,29.411764705882355
Астраханская область,Рабочий и обслуживающий персонал,2,2,76250.0,5.88235294117647
Астраханская область,Транспорт и логистика,6,5,90000.0,17.647058823529413
Астраханская область,Управление,1,0,,2.941176470588235
Астраханская область,"Финансы, бухгалтерия и право",5,5,45000.0,14.705882352941178
Белгородская область,Инженерия и производство,4,4,88500.0,11.11111111111111
Белгородская область,Информационные технологии,4,4,72500.0,11.11111111111111
Белгородская область,"Маркетинг, медиа и дизайн",2,1,105000.0,5.555555555555555
Белгородская область,Охрана и безопасность,1,1,120000.0,2.7777777777777777
Белгородская область,Продажи и клиентский сервис,5,5,50000.0,13.88888888888889
Белгородская область,Прочие профессии,8,7,56000.0,22.22222222222222
Белгородская область,Транспорт и логистика,7,5,95000.0,19.444444444444446
Белгородская область,Управление,1,1,150000.0,2.7777777777777777
Белгородская область,"Финансы, бухгалтерия и право",4,4,70000.0,11.11111111111111
Брянская область,Инженерия и производство,2,2,170000.0,4.878048780487805
Брянская область,Информационные технологии,1,1,47500.0,2.4390243902439024
Брянская область,"Маркетинг, медиа и дизайн",1,1,50000.0,2.4390243902439024
Брянская область,Охрана и безопасность,1,1,22500.0,2.4390243902439024
Брянская область,Продажи и клиентский сервис,11,11,46950.0,26.82926829268293
Брянская область,Прочие профессии,11,8,34250.0,26.82926829268293
Брянская область,Рабочий и обслуживающий персонал,2,2,40625.0,4.878048780487805
Брянская область,Строительство и недвижимость,1,0,,2.4390243902439024
Брянская область,Транспорт и логистика,4,4,68750.0,9.75609756097561
Брянская область,Управление,1,0,,2.4390243902439024
Брянская область,"Финансы, бухгалтерия и право",6,5,70000.0,14.634146341463413
Владимирская область,Инженерия и производство,2,2,150000.0,5.714285714285714
Владимирская область,Информационные технологии,3,1,20000.0,8.571428571428571
Владимирская область,"Маркетинг, медиа и дизайн",4,3,115000.0,11.428571428571429
Владимирская область,Продажи и клиентский сервис,3,3,65000.0,8.571428571428571
Владимирская область,Прочие профессии,15,12,59500.0,42.857142857142854
Владимирская область,Рабочий и обслуживающий персонал,1,1,110000.0,2.857142857142857
Владимирская область,Строительство и недвижимость,1,0,,2.857142857142857
Владимирская область,Транспорт и логистика,4,4,127500.0,11.428571428571429
Владимирская область,Управление,1,1,80000.0,2.857142857142857
Владимирская область,"Финансы, бухгалтерия и право",1,1,140700.0,2.857142857142857
Волгоградская область,Инженерия и производство,2,2,139350.0,5.0
Волгоградская область,Информационные технологии,2,2,75000.0,5.0
Волгоградская область,"Маркетинг, медиа и дизайн",2,1,7500.0,5.0
Волгоградская область,Медицина и фармацевтика,1,1,15000.0,2.5
Волгоградская область,Продажи и клиентский сервис,9,9,42500.0,22.5
Волгоградская область,Прочие профессии,14,11,55000.0,35.0
Волгоградская область,Рабочий и обслуживающий персонал,2,2,51825.0,5.0
Волгоградская область,Транспорт и логистика,5,5,80000.0,12.5
Волгоградская область,Управление,2,2,137500.0,5.0
Волгоградская область,"Финансы, бухгалтерия и право",1,1,70000.0,2.5
Вологодская область,Информационные технологии,3,2,175000.0,7.6923076923076925
Вологодская область,"Маркетинг, медиа и дизайн",2,2,65000.0,5.128205128205128
Вологодская область,Медицина и фармацевтика,1,1,25000.0,2.564102564102564
Вологодская область,Продажи и клиентский сервис,9,7,52500.0,23.076923076923077
Вологодская область,Прочие профессии,15,14,43750.0,38.46153846153847
Вологодская область,Транспорт и логистика,2,2,123700.0,5.128205128205128
Вологодская область,Управление,2,1,96500.0,5.128205128205128
Вологодская область,"Финансы, бухгалтерия и право",5,5,65000.0,12.82051282051282
Воронежская область,Инженерия и производство,2,2,98750.0,5.88235294117647
Воронежская область,Информационные технологии,1,0,,2.941176470588235
Воронежская область,Медицина и фармацевтика,1,1,67500.0,2.941176470588235
Воронежская область,Охрана и безопасность,1,1,77500.0,2.941176470588235
Воронежская область,Продажи и клиентский сервис,5,5,92340.0,14.705882352941178
Воронежская область,Прочие профессии,13,13,56000.0,38.23529411764706
Воронежская область,Транспорт и логистика,8,8,75000.0,23.52941176470588
Воронежская область,Управление,1,1,100000.0,2.941176470588235
Воронежская область,"Финансы, бухгалтерия и право",2,2,92500.0,5.88235294117647
Еврейская автономная область,Инженерия и производство,6,6,136250.0,15.384615384615385
Еврейская автономная область,Медицина и фармацевтика,2,1,72000.0,5.128205128205128
Еврейская автономная область,Продажи и клиентский сервис,5,5,50000.0,12.82051282051282
Еврейская автономная область,Прочие профессии,12,12,38750.0,30.76923076923077
Еврейская автономная область,Рабочий и обслуживающий персонал,4,4,68425.0,10.256410256410255
Еврейская автономная область,Строительство и недвижимость,3,3,87000.0,7.6923076923076925
Еврейская автономная область,Транспорт и логистика,5,5,110000.0,12.82051282051282
Еврейская автономная область,Управление,2,2,62014.75,5.128205128205128
Забайкальский край,Инженерия и производство,4,3,300000.0,11.76470588235294
Забайкальский край,"Маркетинг, медиа и дизайн",1,1,25000.0,2.941176470588235
Забайкальский край,Образование и наука,1,1,190000.0,2.941176470588235
Забайкальский край,Охрана и безопасность,3,3,250560.0,8.823529411764707
Забайкальский край,Продажи и клиентский сервис,4,4,50000.0,11.76470588235294
Забайкальский край,Прочие профессии,9,8,55000.0,26.47058823529412
Забайкальский край,Строительство и недвижимость,1,1,300000.0,2.941176470588235
Забайкальский край,Транспорт и логистика,10,9,100000.0,29.411764705882355
Забайкальский край,"Финансы, бухгалтерия и право",1,1,90000.0,2.941176470588235
Ивановская область,Инженерия и производство,3,3,177320.0,7.894736842105263
Ивановская область,Информационные технологии,1,1,80000.0,2.631578947368421
Ивановская область,"Маркетинг, медиа и дизайн",2,2,47500.0,5.263157894736842
Ивановская область,Продажи и клиентский сервис,4,4,30250.0,10.526315789473683
Ивановская область,Прочие профессии,16,14,75250.0,42.10526315789473
Ивановская область,Транспорт и логистика,6,6,42500.0,15.789473684210526
Ивановская область,Управление,1,1,120000.0,2.631578947368421
Ивановская область,"Финансы, бухгалтерия и право",5,5,70000.0,13.157894736842104
Иркутская область,Охрана и безопасность,2,2,240000.0,5.714285714285714
Иркутская область,Продажи и клиентский сервис,6,6,14480.0,17.142857142857142
Иркутская область,Прочие профессии,16,14,47500.0,45.714285714285715
Иркутская область,Рабочий и обслуживающий персонал,1,1,49105.0,2.857142857142857
Иркутская область,Транспорт и логистика,5,3,100000.0,14.285714285714285
Иркутская область,Управление,1,1,275000.0,2.857142857142857
Иркутская область,"Финансы, бухгалтерия и право",4,4,47500.0,11.428571428571429
Кабардино-Балкарская Республика,Инженерия и производство,4,4,162662.5,10.0
Кабардино-Балкарская Республика,Медицина и фармацевтика,5,4,139250.0,12.5
Кабардино-Балкарская Республика,Охрана и безопасность,1,1,4100.0,2.5
Кабардино-Балкарская Республика,Продажи и клиентский сервис,7,7,85000.0,17.5
Кабардино-Балкарская Республика,Прочие профессии,13,11,80000.0,32.5
Кабардино-Балкарская Республика,Рабочий и обслуживающий персонал,3,3,71300.0,7.5
Кабардино-Балкарская Республика,Транспорт и логистика,4,4,128500.0,10.0
Кабардино-Балкарская Республика,Управление,3,3,139000.0,7.5
Калининградская область,Информационные технологии,1,0,,2.941176470588235
Калининградская область,"Маркетинг, медиа и дизайн",1,1,52500.0,2.941176470588235
Калининградская область,Охрана и безопасность,1,1,3600.0,2.941176470588235
Калининградская область,Продажи и клиентский сервис,3,2,101925.0,8.823529411764707
Калининградская область,Прочие профессии,12,12,54500.0,35.294117647058826
Калининградская область,Транспорт и логистика,8,8,75000.0,23.52941176470588
Калининградская область,Управление,3,2,148750.0,8.823529411764707
Калининградская область,"Финансы, бухгалтерия и право",5,4,94242.5,14.705882352941178
Калужская область,Инженерия и производство,12,10,70000.0,16.216216216216218
Калужская область,"Маркетинг, медиа и дизайн",2,2,57500.0,2.7027027027027026
Калужская область,Медицина и фармацевтика,1,1,75000.0,1.3513513513513513
Калужская область,Образование и наука,1,1,40000.0,1.3513513513513513
Калужская область,Продажи и клиентский сервис,21,21,54830.0,28.37837837837838
Калужская область,Прочие профессии,18,13,70000.0,24.324324324324326
Калужская область,Рабочий и обслуживающий персонал,3,3,188500.0,4.054054054054054
Калужская область,Сельское и лесное хозяйство,1,1,70000.0,1.3513513513513513
Калужская область,Строительство и недвижимость,2,2,77750.0,2.7027027027027026
Калужская область,Транспорт и логистика,7,7,100000.0,9.45945945945946
Калужская область,Управление,2,2,130000.0,2.7027027027027026
Калужская область,"Финансы, бухгалтерия и право",4,4,65000.0,5.405405405405405
Камчатский край,Инженерия и производство,3,3,250000.0,8.571428571428571
Камчатский край,Информационные технологии,2,2,125000.0,5.714285714285714
Камчатский край,"Маркетинг, медиа и дизайн",1,1,100000.0,2.857142857142857
Камчатский край,Медицина и фармацевтика,1,1,70000.0,2.857142857142857
Камчатский край,Продажи и клиентский сервис,2,1,70000.0,5.714285714285714
Камчатский край,Прочие профессии,7,7,105000.0,20.0
Камчатский край,Рабочий и обслуживающий персонал,3,3,215000.0,8.571428571428571
Камчатский край,Строительство и недвижимость,2,1,128000.0,5.714285714285714
Камчатский край,Транспорт и логистика,7,6,136000.0,20.0
Камчатский край,Управление,3,3,150000.0,8.571428571428571
Камчатский край,"Финансы, бухгалтерия и право",4,4,133000.0,11.428571428571429
Карачаево-Черкесская Республика,Инженерия и производство,3,2,73750.0,8.823529411764707
Карачаево-Черкесская Республика,Медицина и фармацевтика,1,1,74500.0,2.941176470588235
Карачаево-Черкесская Республика,Продажи и клиентский сервис,8,7,60000.0,23.52941176470588
Карачаево-Черкесская Республика,Прочие профессии,10,9,67500.0,29.411764705882355
Карачаево-Черкесская Республика,Рабочий и обслуживающий персонал,2,1,3000.0,5.88235294117647
Карачаево-Черкесская Республика,Строительство и недвижимость,2,2,325000.0,5.88235294117647
Карачаево-Черкесская Республика,Транспорт и логистика,6,5,145000.0,17.647058823529413
Карачаево-Черкесская Республика,"Финансы, бухгалтерия и право",2,2,85000.0,5.88235294117647
Кемеровская область,"Маркетинг, медиа и дизайн",2,2,36250.0,5.88235294117647
Кемеровская область,Медицина и фармацевтика,3,3,46000.0,8.823529411764707
Кемеровская область,Продажи и клиентский сервис,8,8,38750.0,23.52941176470588
Кемеровская область,Прочие профессии,10,9,71500.0,29.411764705882355
Кемеровская область,Транспорт и логистика,8,7,57500.0,23.52941176470588
Кемеровская область,"Финансы, бухгалтерия и право",3,3,73500.0,8.823529411764707
Кировская область,Инженерия и производство,2,2,111850.0,5.555555555555555
Кировская область,Информационные технологии,2,1,100000.0,5.555555555555555
Кировская область,"Маркетинг, медиа и дизайн",3,2,70000.0,8.333333333333332
Кировская область,Медицина и фармацевтика,1,1,45000.0,2.7777777777777777
Кировская область,Продажи и клиентский сервис,1,1,60000.0,2.7777777777777777
Кировская область,Прочие профессии,13,12,49900.0,36.11111111111111
Кировская область,Строительство и недвижимость,1,1,91250.0,2.7777777777777777
Кировская область,Транспорт и логистика,8,8,70000.0,22.22222222222222
Кировская область,Управление,1,1,80000.0,2.7777777777777777
Кировская область,"Финансы, бухгалтерия и право",4,3,60000.0,11.11111111111111
Костромская область,Инженерия и производство,2,2,164350.0,5.405405405405405
Костромская область,"Маркетинг, медиа и дизайн",1,1,60000.0,2.7027027027027026
Костромская область,Образование и наука,1,1,23000.0,2.7027027027027026
Костромская область,Продажи и клиентский сервис,5,5,52500.0,13.513513513513514
Костромская область,Прочие профессии,11,7,65000.0,29.72972972972973
Костромская область,Строительство и недвижимость,2,2,157000.0,5.405405405405405
Костромская область,Транспорт и логистика,9,6,82500.0,24.324324324324326
Костромская область,Управление,3,2,105000.0,8.108108108108109
Костромская область,"Финансы, бухгалтерия и право",3,2,74000.0,8.108108108108109
Краснодарский край,Охрана и безопасность,1,1,100000.0,2.941176470588235
Краснодарский край,Продажи и клиентский сервис,10,9,60000.0,29.411764705882355
Краснодарский край,Прочие профессии,14,14,49390.0,41.17647058823529
Краснодарский край,Транспорт и логистика,6,6,90000.0,17.647058823529413
Краснодарский край,"Финансы, бухгалтерия и право",3,3,55000.0,8.823529411764707
Красноярский край,Инженерия и производство,2,1,135000.0,5.88235294117647
Красноярский край,"Маркетинг, медиа и дизайн",3,3,112500.0,8.823529411764707
Красноярский край,Медицина и фармацевтика,1,1,70000.0,2.941176470588235
Красноярский край,Охрана и безопасность,2,2,39250.0,5.88235294117647
Красноярский край,Продажи и клиентский сервис,4,4,43750.0,11.76470588235294
Красноярский край,Прочие профессии,16,13,65000.0,47.05882352941176
Красноярский край,Транспорт и логистика,4,4,103750.0,11.76470588235294
Красноярский край,Управление,1,1,256000.0,2.941176470588235
Красноярский край,"Финансы, бухгалтерия и право",1,0,,2.941176470588235
Курганская область,Инженерия и производство,5,5,100000.0,12.82051282051282
Курганская область,Информационные технологии,2,0,,5.128205128205128
Курганская область,"Маркетинг, медиа и дизайн",1,1,50000.0,2.564102564102564
Курганская область,Медицина и фармацевтика,1,1,22500.0,2.564102564102564
Курганская область,Образование и наука,1,1,50000.0,2.564102564102564
Курганская область,Продажи и клиентский сервис,6,6,36250.0,15.384615384615385
Курганская область,Прочие профессии,15,15,60000.0,38.46153846153847
Курганская область,Рабочий и обслуживающий персонал,1,1,1250.0,2.564102564102564
Курганская область,Транспорт и логистика,5,4,72039.0,12.82051282051282
Курганская область,Управление,2,2,135000.0,5.128205128205128
Курская область,Инженерия и производство,1,1,27500.0,2.7777777777777777
Курская область,Информационные технологии,3,3,70000.0,8.333333333333332
Курская область,"Маркетинг, медиа и дизайн",5,4,65000.0,13.88888888888889
Курская область,Медицина и фармацевтика,2,2,36325.0,5.555555555555555
Курская область,Образование и наука,1,1,28000.0,2.7777777777777777
Курская область,Охрана и безопасность,2,2,91250.0,5.555555555555555
Курская область,Продажи и клиентский сервис,4,4,63750.0,11.11111111111111
Курская область,Прочие профессии,14,9,54000.0,38.88888888888889
Курская область,Транспорт и логистика,1,1,200000.0,2.7777777777777777
Курская область,Управление,2,2,110000.0,5.555555555555555
Курская область,"Финансы, бухгалтерия и право",1,1,70000.0,2.7777777777777777
Ленинградская область,Инженерия и производство,7,5,105000.0,20.0
Ленинградская область,Охрана и безопасность,1,1,46050.0,2.857142857142857
Ленинградская область,Продажи и клиентский сервис,8,8,60000.0,22.857142857142858
Ленинградская область,Прочие профессии,13,10,79800.0,37.142857142857146
Ленинградская область,Транспорт и логистика,5,4,70000.0,14.285714285714285
Ленинградская область,"Финансы, бухгалтерия и право",1,1,75000.0,2.857142857142857
Липецкая область,Информационные технологии,1,0,,2.7777777777777777
Липецкая область,Медицина и фармацевтика,1,1,2000.0,2.7777777777777777
Липецкая область,Продажи и клиентский сервис,4,4,61250.0,11.11111111111111
Липецкая область,Прочие профессии,17,12,61000.0,47.22222222222222
Липецкая область,Транспорт и логистика,5,5,100000.0,13.88888888888889
Липецкая область,Управление,4,4,145000.0,11.11111111111111
Липецкая область,"Финансы, бухгалтерия и право",4,3,120000.0,11.11111111111111
Магаданская область,Инженерия и производство,6,6,308750.0,17.647058823529413
Магаданская область,"Маркетинг, медиа и дизайн",1,1,50000.0,2.941176470588235
Магаданская область,Продажи и клиентский сервис,6,5,65240.0,17.647058823529413
Магаданская область,Прочие профессии,9,7,137000.0,26.47058823529412
Магаданская область,Рабочий и обслуживающий персонал,2,2,35215.0,5.88235294117647
Магаданская область,Транспорт и логистика,8,8,180000.0,23.52941176470588
Магаданская область,Управление,1,1,150000.0,2.941176470588235
Магаданская область,"Финансы, бухгалтерия и право",1,1,140000.0,2.941176470588235
Москва,Инженерия и производство,7,5,110000.0,9.45945945945946
Москва,"Маркетинг, медиа и дизайн",3,1,22500.0,4.054054054054054
Москва,Медицина и фармацевтика,3,3,117450.0,4.054054054054054
Москва,Образование и наука,1,1,110000.0,1.3513513513513513
Москва,Охрана и безопасность,3,3,57000.0,4.054054054054054
Москва,Продажи и клиентский сервис,11,11,85000.0,14.864864864864865
Москва,Прочие профессии,25,19,95000.0,33.78378378378378
Москва,Рабочий и обслуживающий персонал,3,3,60000.0,4.054054054054054
Москва,Строительство и недвижимость,2,2,150950.0,2.7027027027027026
Москва,Транспорт и логистика,9,7,180000.0,12.162162162162163
Москва,Управление,5,5,150000.0,6.756756756756757
Москва,"Финансы, бухгалтерия и право",2,2,112500.0,2.7027027027027026
Московская область,Инженерия и производство,3,2,52500.0,8.333333333333332
Московская область,"Маркетинг, медиа и дизайн",1,1,130000.0,2.7777777777777777
Московская область,Медицина и фармацевтика,1,1,52500.0,2.7777777777777777
Московская область,Охрана и безопасность,1,1,10500.0,2.7777777777777777
Московская область,Продажи и клиентский сервис,7,7,75000.0,19.444444444444446
Московская область,Прочие профессии,16,13,62000.0,44.44444444444444
Московская область,Транспорт и логистика,6,6,172500.0,16.666666666666664
Московская область,"Финансы, бухгалтерия и право",1,1,55000.0,2.7777777777777777
Мурманская область,Инженерия и производство,1,1,80000.0,2.631578947368421
Мурманская область,"Маркетинг, медиа и дизайн",1,0,,2.631578947368421
Мурманская область,Охрана и безопасность,1,1,235000.0,2.631578947368421
Мурманская область,Продажи и клиентский сервис,5,5,69500.0,13.157894736842104
Мурманская область,Прочие профессии,19,17,76500.0,50.0
Мурманская область,Рабочий и обслуживающий персонал,2,2,43000.0,5.263157894736842
Мурманская область,Транспорт и логистика,6,5,130000.0,15.789473684210526
Мурманская область,Управление,1,1,150000.0,2.631578947368421
Мурманская область,"Финансы, бухгалтерия и право",2,1,100000.0,5.263157894736842
Ненецкий автономный округ,Инженерия и производство,3,2,207900.0,7.317073170731707
Ненецкий автономный округ,Информационные технологии,1,0,,2.4390243902439024
Ненецкий автономный округ,Охрана и безопасность,1,1,71914.5,2.4390243902439024
Ненецкий автономный округ,Продажи и клиентский сервис,12,11,50000.0,29.268292682926827
Ненецкий автономный округ,Прочие профессии,8,7,80000.0,19.51219512195122
Ненецкий автономный округ,Рабочий и обслуживающий персонал,4,3,82500.0,9.75609756097561
Ненецкий автономный округ,Строительство и недвижимость,4,4,153820.0,9.75609756097561
Ненецкий автономный округ,Транспорт и логистика,3,3,170170.0,7.317073170731707
Ненецкий автономный округ,Управление,4,4,72995.0,9.75609756097561
Ненецкий автономный округ,"Финансы, бухгалтерия и право",1,0,,2.4390243902439024
Нижегородская область,Инженерия и производство,3,2,98750.0,8.823529411764707
Нижегородская область,"Маркетинг, медиа и дизайн",6,3,70000.0,17.647058823529413
Нижегородская область,Продажи и клиентский сервис,5,5,63200.0,14.705882352941178
Нижегородская область,Прочие профессии,12,9,45000.0,35.294117647058826
Нижегородская область,Транспорт и логистика,5,4,82500.0,14.705882352941178
Нижегородская область,"Финансы, бухгалтерия и право",3,3,30000.0,8.823529411764707
Новгородская область,Инженерия и производство,3,3,90000.0,8.823529411764707
Новгородская область,Медицина и фармацевтика,2,2,47050.0,5.88235294117647
Новгородская область,Продажи и клиентский сервис,8,7,50000.0,23.52941176470588
Новгородская область,Прочие профессии,14,12,52500.0,41.17647058823529
Новгородская область,Рабочий и обслуживающий персонал,1,1,120000.0,2.941176470588235
Новгородская область,Транспорт и логистика,3,2,68750.0,8.823529411764707
Новгородская область,Управление,1,0,,2.941176470588235
Новгородская область,"Финансы, бухгалтерия и право",2,1,80000.0,5.88235294117647
Новосибирская область,Продажи и клиентский сервис,11,10,56000.0,32.35294117647059
Новосибирская область,Прочие профессии,17,15,50000.0,50.0
Новосибирская область,Рабочий и обслуживающий персонал,1,1,175000.0,2.941176470588235
Новосибирская область,Транспорт и логистика,3,2,120000.0,8.823529411764707
Новосибирская область,"Финансы, бухгалтерия и право",2,2,60000.0,5.88235294117647
Омская область,"Маркетинг, медиа и дизайн",2,2,45000.0,5.88235294117647
Омская область,Медицина и фармацевтика,1,1,500000.0,2.941176470588235
Омская область,Продажи и клиентский сервис,11,11,55000.0,32.35294117647059
Омская область,Прочие профессии,14,10,33750.0,41.17647058823529
Омская область,Транспорт и логистика,4,4,87500.0,11.76470588235294
Омская область,Управление,1,1,85000.0,2.941176470588235
Омская область,"Финансы, бухгалтерия и право",1,1,70000.0,2.941176470588235
Оренбургская область,Инженерия и производство,1,1,107500.0,2.941176470588235
Оренбургская область,Информационные технологии,1,1,15000.0,2.941176470588235
Оренбургская область,"Маркетинг, медиа и дизайн",1,1,120000.0,2.941176470588235
Оренбургская область,Медицина и фармацевтика,1,1,55000.0,2.941176470588235
Оренбургская область,Охрана и безопасность,1,1,37500.0,2.941176470588235
Оренбургская область,Продажи и клиентский сервис,4,4,38750.0,11.76470588235294
Оренбургская область,Прочие профессии,10,9,68000.0,29.411764705882355
Оренбургская область,Строительство и недвижимость,2,2,22500.0,5.88235294117647
Оренбургская область,Транспорт и логистика,5,4,69000.0,14.705882352941178
Оренбургская область,Управление,1,1,400000.0,2.941176470588235
Оренбургская область,"Финансы, бухгалтерия и право",7,7,65000.0,20.588235294117645
Орловская область,Инженерия и производство,3,2,90000.0,8.571428571428571
Орловская область,Информационные технологии,1,1,45000.0,2.857142857142857
Орловская область,"Маркетинг, медиа и дизайн",1,1,20000.0,2.857142857142857
Орловская область,Охрана и безопасность,2,2,20400.0,5.714285714285714
Орловская область,Продажи и клиентский сервис,2,2,70000.0,5.714285714285714
Орловская область,Прочие профессии,16,12,53450.0,45.714285714285715
Орловская область,Рабочий и обслуживающий персонал,1,1,4000.0,2.857142857142857
Орловская область,Строительство и недвижимость,1,1,150000.0,2.857142857142857
Орловская область,Транспорт и логистика,4,4,80000.0,11.428571428571429
Орловская область,"Финансы, бухгалтерия и право",4,4,50000.0,11.428571428571429
Пензенская область,Инженерия и производство,2,1,150000.0,5.88235294117647
Пензенская область,Информационные технологии,4,2,50000.0,11.76470588235294
Пензенская область,"Маркетинг, медиа и дизайн",3,2,43750.0,8.823529411764707
Пензенская область,Медицина и фармацевтика,2,2,51250.0,5.88235294117647
Пензенская область,Продажи и клиентский сервис,5,5,35000.0,14.705882352941178
Пензенская область,Прочие профессии,10,8,22500.0,29.411764705882355
Пензенская область,Транспорт и логистика,3,3,70000.0,8.823529411764707
Пензенская область,Управление,1,1,50000.0,2.941176470588235
Пензенская область,"Финансы, бухгалтерия и право",4,2,91250.0,11.76470588235294
Пермский край,Инженерия и производство,1,1,24000.0,2.941176470588235
Пермский край,"Маркетинг, медиа и дизайн",1,1,22500.0,2.941176470588235
Пермский край,Медицина и фармацевтика,1,1,20000.0,2.941176470588235
Пермский край,Продажи и клиентский сервис,5,4,48750.0,14.705882352941178
Пермский край,Прочие профессии,17,15,80000.0,50.0
Пермский край,Рабочий и обслуживающий персонал,1,1,175000.0,2.941176470588235
Пермский край,Транспорт и логистика,7,7,75000.0,20.588235294117645
Пермский край,"Финансы, бухгалтерия и право",1,1,85000.0,2.941176470588235
Приморский край,Инженерия и производство,1,0,,2.941176470588235
Приморский край,Информационные технологии,1,0,,2.941176470588235
Приморский край,"Маркетинг, медиа и дизайн",4,3,65000.0,11.76470588235294
Приморский край,Охрана и безопасность,1,1,6850.0,2.941176470588235
Приморский край,Продажи и клиентский сервис,2,2,56000.0,5.88235294117647
Приморский край,Прочие профессии,17,15,80000.0,50.0
Приморский край,Транспорт и логистика,3,3,100000.0,8.823529411764707
Приморский край,Управление,2,2,226000.0,5.88235294117647
Приморский край,"Финансы, бухгалтерия и право",3,2,112500.0,8.823529411764707
Псковская область,Инженерия и производство,2,2,81968.0,5.88235294117647
Псковская область,Медицина и фармацевтика,1,1,62500.0,2.941176470588235
Псковская область,Охрана и безопасность,1,1,67500.0,2.941176470588235
Псковская область,Продажи и клиентский сервис,5,5,63000.0,14.705882352941178
Псковская область,Прочие профессии,16,14,62500.0,47.05882352941176
Псковская область,Рабочий и обслуживающий персонал,1,1,8750.0,2.941176470588235
Псковская область,Строительство и недвижимость,2,2,135375.0,5.88235294117647
Псковская область,Транспорт и логистика,3,3,95000.0,8.823529411764707
Псковская область,Управление,1,1,130000.0,2.941176470588235
Псковская область,"Финансы, бухгалтерия и право",2,2,111000.0,5.88235294117647
Республика Адыгея,Инженерия и производство,1,1,52500.0,2.941176470588235
Республика Адыгея,"Маркетинг, медиа и дизайн",1,1,50000.0,2.941176470588235
Республика Адыгея,Медицина и фармацевтика,1,0,,2.941176470588235
Республика Адыгея,Образование и наука,1,1,375.0,2.941176470588235
Республика Адыгея,Охрана и безопасность,1,0,,2.941176470588235
Республика Адыгея,Продажи и клиентский сервис,8,6,60000.0,23.52941176470588
Республика Адыгея,Прочие профессии,8,6,71250.0,23.52941176470588
Республика Адыгея,Строительство и недвижимость,1,1,60000.0,2.941176470588235
Республика Адыгея,Транспорт и логистика,11,8,95000.0,32.35294117647059
Республика Адыгея,"Финансы, бухгалтерия и право",1,1,40000.0,2.941176470588235
Республика Алтай,Информационные технологии,1,1,120000.0,2.857142857142857
Республика Алтай,Медицина и фармацевтика,1,0,,2.857142857142857
Республика Алтай,Продажи и клиентский сервис,5,5,26250.0,14.285714285714285
Республика Алтай,Прочие профессии,14,11,66000.0,40.0
Республика Алтай,Строительство и недвижимость,1,0,,2.857142857142857
Республика Алтай,Транспорт и логистика,5,5,150000.0,14.285714285714285
Республика Алтай,Управление,4,4,115000.0,11.428571428571429
Республика Алтай,"Финансы, бухгалтерия и право",4,4,97500.0,11.428571428571429
Республика Башкортостан,Инженерия и производство,2,0,,5.714285714285714
Республика Башкортостан,Информационные технологии,1,1,100000.0,2.857142857142857
Республика Башкортостан,Медицина и фармацевтика,2,2,42125.0,5.714285714285714
Республика Башкортостан,Продажи и клиентский сервис,5,5,20000.0,14.285714285714285
Республика Башкортостан,Прочие профессии,16,15,70000.0,45.714285714285715
Республика Башкортостан,Транспорт и логистика,5,5,78750.0,14.285714285714285
Республика Башкортостан,"Финансы, бухгалтерия и право",4,3,75000.0,11.428571428571429
Республика Бурятия,Инженерия и производство,1,1,87609.0,2.941176470588235
Республика Бурятия,Охрана и безопасность,1,1,1000.0,2.941176470588235
Республика Бурятия,Продажи и клиентский сервис,4,4,57500.0,11.76470588235294
Республика Бурятия,Прочие профессии,14,14,48500.0,41.17647058823529
Республика Бурятия,Рабочий и обслуживающий персонал,2,2,204000.0,5.88235294117647
Республика Бурятия,Транспорт и логистика,9,8,97500.0,26.47058823529412
Республика Бурятия,"Финансы, бухгалтерия и право",3,3,60000.0,8.823529411764707
Республика Дагестан,Инженерия и производство,1,1,125000.0,2.941176470588235
Республика Дагестан,"Маркетинг, медиа и дизайн",3,3,50000.0,8.823529411764707
Республика Дагестан,Медицина и фармацевтика,1,1,20000.0,2.941176470588235
Республика Дагестан,Охрана и безопасность,1,1,3500.0,2.941176470588235
Республика Дагестан,Продажи и клиентский сервис,15,14,33000.0,44.11764705882353
Республика Дагестан,Прочие профессии,7,6,21500.0,20.588235294117645
Республика Дагестан,Транспорт и логистика,1,0,,2.941176470588235
Республика Дагестан,Управление,1,1,200000.0,2.941176470588235
Республика Дагестан,"Финансы, бухгалтерия и право",4,3,60000.0,11.76470588235294
Республика Ингушетия,Инженерия и производство,1,1,55475.0,2.7027027027027026
Республика Ингушетия,Информационные технологии,1,0,,2.7027027027027026
Республика Ингушетия,"Маркетинг, медиа и дизайн",2,2,60000.0,5.405405405405405
Республика Ингушетия,Образование и наука,1,1,70000.0,2.7027027027027026
Республика Ингушетия,Продажи и клиентский сервис,9,9,33850.0,24.324324324324326
Республика Ингушетия,Прочие профессии,9,8,42500.0,24.324324324324326
Республика Ингушетия,Рабочий и обслуживающий персонал,1,1,82500.0,2.7027027027027026
Республика Ингушетия,Строительство и недвижимость,1,1,60000.0,2.7027027027027026
Республика Ингушетия,Транспорт и логистика,7,5,80000.0,18.91891891891892
Республика Ингушетия,Управление,2,1,250000.0,5.405405405405405
Республика Ингушетия,"Финансы, бухгалтерия и право",3,3,51650.0,8.108108108108109
Республика Калмыкия,Инженерия и производство,3,3,100000.0,8.823529411764707
Республика Калмыкия,Информационные технологии,1,1,250000.0,2.941176470588235
Республика Калмыкия,"Маркетинг, медиа и дизайн",1,1,30000.0,2.941176470588235
Республика Калмыкия,Образование и наука,1,1,75000.0,2.941176470588235
Республика Калмыкия,Продажи и клиентский сервис,9,9,32950.0,26.47058823529412
Республика Калмыкия,Прочие профессии,9,8,41225.0,26.47058823529412
Республика Калмыкия,Строительство и недвижимость,1,1,47500.0,2.941176470588235
Республика Калмыкия,Транспорт и логистика,4,4,173750.0,11.76470588235294
Республика Калмыкия,"Финансы, бухгалтерия и право",5,5,45000.0,14.705882352941178
Республика Карелия,Информационные технологии,1,1,20000.0,2.941176470588235
Республика Карелия,"Маркетинг, медиа и дизайн",1,1,50000.0,2.941176470588235
Республика Карелия,Продажи и клиентский сервис,7,5,55000.0,20.588235294117645
Республика Карелия,Прочие профессии,10,8,43750.0,29.411764705882355
Республика Карелия,Рабочий и обслуживающий персонал,1,0,,2.941176470588235
Республика Карелия,Транспорт и логистика,10,9,97000.0,29.411764705882355
Республика Карелия,Управление,1,1,250000.0,2.941176470588235
Республика Карелия,"Финансы, бухгалтерия и право",3,3,60000.0,8.823529411764707
Республика Коми,Инженерия и производство,4,4,195000.0,11.76470588235294
Республика Коми,Информационные технологии,2,2,36499.75,5.88235294117647
Республика Коми,"Маркетинг, медиа и дизайн",1,1,20000.0,2.941176470588235
Республика Коми,Образование и наука,1,1,50000.0,2.941176470588235
Республика Коми,Продажи и клиентский сервис,3,3,30000.0,8.823529411764707
Республика Коми,Прочие профессии,18,16,64375.0,52.94117647058824
Республика Коми,Рабочий и обслуживающий персонал,1,1,20035.0,2.941176470588235
Республика Коми,Транспорт и логистика,2,0,,5.88235294117647
Республика Коми,"Финансы, бухгалтерия и право",2,1,140000.0,5.88235294117647
Республика Марий Эл,Инженерия и производство,2,1,70000.0,5.714285714285714
Республика Марий Эл,Информационные технологии,1,1,65000.0,2.857142857142857
Республика Марий Эл,"Маркетинг, медиа и дизайн",2,2,67500.0,5.714285714285714
Республика Марий Эл,Медицина и фармацевтика,1,1,50000.0,2.857142857142857
Республика Марий Эл,Охрана и безопасность,1,0,,2.857142857142857
Республика Марий Эл,Продажи и клиентский сервис,5,5,32500.0,14.285714285714285
Республика Марий Эл,Прочие профессии,11,8,41800.0,31.428571428571427
Республика Марий Эл,Транспорт и логистика,7,7,80000.0,20.0
Республика Марий Эл,Управление,2,1,300000.0,5.714285714285714
Республика Марий Эл,"Финансы, бухгалтерия и право",3,3,65000.0,8.571428571428571
Республика Мордовия,Инженерия и производство,2,2,70000.0,5.88235294117647
Республика Мордовия,Информационные технологии,1,0,,2.941176470588235
Республика Мордовия,"Маркетинг, медиа и дизайн",1,1,35000.0,2.941176470588235
Республика Мордовия,Медицина и фармацевтика,1,1,45000.0,2.941176470588235
Республика Мордовия,Охрана и безопасность,1,1,32500.0,2.941176470588235
Республика Мордовия,Продажи и клиентский сервис,3,3,46500.0,8.823529411764707
Республика Мордовия,Прочие профессии,13,11,55000.0,38.23529411764706
Республика Мордовия,Транспорт и логистика,7,7,70000.0,20.588235294117645
Республика Мордовия,Управление,2,1,160000.0,5.88235294117647
Республика Мордовия,"Финансы, бухгалтерия и право",3,3,91945.0,8.823529411764707
Республика Саха (Якутия),Инженерия и производство,3,2,185000.0,8.823529411764707
Республика Саха (Якутия),Информационные технологии,2,1,138000.0,5.88235294117647
Республика Саха (Якутия),Охрана и безопасность,2,1,95000.0,5.88235294117647
Республика Саха (Якутия),Продажи и клиентский сервис,1,1,22500.0,2.941176470588235
Республика Саха (Якутия),Прочие профессии,15,13,100000.0,44.11764705882353
Республика Саха (Якутия),Рабочий и обслуживающий персонал,1,1,30000.0,2.941176470588235
Республика Саха (Якутия),Строительство и недвижимость,1,1,200000.0,2.941176470588235
Республика Саха (Якутия),Транспорт и логистика,6,5,80000.0,17.647058823529413
Республика Саха (Якутия),Управление,2,2,165000.0,5.88235294117647
Республика Саха (Якутия),"Финансы, бухгалтерия и право",1,1,105000.0,2.941176470588235
Республика Северная Осетия-Алания,Инженерия и производство,1,1,215325.0,1.3513513513513513
Республика Северная Осетия-Алания,Медицина и фармацевтика,8,7,170000.0,10.81081081081081
Республика Северная Осетия-Алания,Продажи и клиентский сервис,18,17,50850.0,24.324324324324326
Республика Северная Осетия-Алания,Прочие профессии,19,15,86000.0,25.675675675675674
Республика Северная Осетия-Алания,Рабочий и обслуживающий персонал,5,5,94300.0,6.756756756756757
Республика Северная Осетия-Алания,Транспорт и логистика,9,9,90000.0,12.162162162162163
Республика Северная Осетия-Алания,Управление,7,7,139000.0,9.45945945945946
Республика Северная Осетия-Алания,"Финансы, бухгалтерия и право",7,5,50000.0,9.45945945945946
Республика Татарстан,Инженерия и производство,1,1,50000.0,2.941176470588235
Республика Татарстан,"Маркетинг, медиа и дизайн",1,1,105000.0,2.941176470588235
Республика Татарстан,Медицина и фармацевтика,2,2,71250.0,5.88235294117647
Республика Татарстан,Охрана и безопасность,1,1,45000.0,2.941176470588235
Республика Татарстан,Продажи и клиентский сервис,9,9,80000.0,26.47058823529412
Республика Татарстан,Прочие профессии,14,14,60750.0,41.17647058823529
Республика Татарстан,Транспорт и логистика,5,5,75000.0,14.705882352941178
Республика Татарстан,"Финансы, бухгалтерия и право",1,1,63000.0,2.941176470588235
Республика Тыва,Инженерия и производство,2,1,215325.0,2.564102564102564
Республика Тыва,Медицина и фармацевтика,8,7,170000.0,10.256410256410255
Республика Тыва,Образование и наука,1,1,142500.0,1.282051282051282
Республика Тыва,Охрана и безопасность,2,2,80750.0,2.564102564102564
Республика Тыва,Продажи и клиентский сервис,17,15,71500.0,21.794871794871796
Республика Тыва,Прочие профессии,20,16,83000.0,25.64102564102564
Республика Тыва,Рабочий и обслуживающий персонал,7,7,94300.0,8.974358974358974
Республика Тыва,Транспорт и логистика,11,10,100000.0,14.102564102564102
Республика Тыва,Управление,5,5,139000.0,6.41025641025641
Республика Тыва,"Финансы, бухгалтерия и право",5,4,65000.0,6.41025641025641
Республика Хакасия,Информационные технологии,1,0,,2.941176470588235
Республика Хакасия,"Маркетинг, медиа и дизайн",2,2,410000.0,5.88235294117647
Республика Хакасия,Медицина и фармацевтика,1,1,47000.0,2.941176470588235
Республика Хакасия,Охрана и безопасность,1,1,65000.0,2.941176470588235
Республика Хакасия,Продажи и клиентский сервис,6,4,44000.0,17.647058823529413
Республика Хакасия,Прочие профессии,14,13,52500.0,41.17647058823529
Республика Хакасия,Рабочий и обслуживающий персонал,3,3,22500.0,8.823529411764707
Республика Хакасия,Транспорт и логистика,4,4,110000.0,11.76470588235294
Республика Хакасия,"Финансы, бухгалтерия и право",2,2,25000.0,5.88235294117647
Ростовская область,Инженерия и производство,1,1,150000.0,2.7027027027027026
Ростовская область,Информационные технологии,1,0,,2.7027027027027026
Ростовская область,"Маркетинг, медиа и дизайн",3,2,28000.0,8.108108108108109
Ростовская область,Медицина и фармацевтика,1,1,30000.0,2.7027027027027026
Ростовская область,Охрана и безопасность,1,0,,2.7027027027027026
Ростовская область,Продажи и клиентский сервис,6,6,62500.0,16.216216216216218
Ростовская область,Прочие профессии,11,10,57500.0,29.72972972972973
Ростовская область,Строительство и недвижимость,1,1,1605000.0,2.7027027027027026
Ростовская область,Транспорт и логистика,6,5,90000.0,16.216216216216218
Ростовская область,Управление,1,0,,2.7027027027027026
Ростовская область,"Финансы, бухгалтерия и право",5,5,65000.0,13.513513513513514
Рязанская область,Продажи и клиентский сервис,7,7,55777.0,19.444444444444446
Рязанская область,Прочие профессии,18,15,60000.0,50.0
Рязанская область,Транспорт и логистика,4,4,120000.0,11.11111111111111
Рязанская область,"Финансы, бухгалтерия и право",7,7,60900.0,19.444444444444446
Самарская область,Инженерия и производство,1,1,78000.0,2.941176470588235
Самарская область,Продажи и клиентский сервис,7,7,61250.0,20.588235294117645
Самарская область,Прочие профессии,15,15,62500.0,44.11764705882353
Самарская область,Транспорт и логистика,6,6,33750.0,17.647058823529413
Самарская область,Управление,1,1,107531.0,2.941176470588235
Самарская область,"Финансы, бухгалтерия и право",4,4,67500.0,11.76470588235294
Санкт-Петербург,Инженерия и производство,7,7,80000.0,9.45945945945946
Санкт-Петербург,"Маркетинг, медиа и дизайн",1,1,45000.0,1.3513513513513513
Санкт-Петербург,Медицина и фармацевтика,8,7,89000.0,10.81081081081081
Санкт-Петербург,Образование и наука,1,0,,1.3513513513513513
Санкт-Петербург,Охрана и безопасность,2,2,57000.0,2.7027027027027026
Санкт-Петербург,Продажи и клиентский сервис,11,11,60000.0,14.864864864864865
Санкт-Петербург,Прочие профессии,26,26,85500.0,35.13513513513514
Санкт-Петербург,Рабочий и обслуживающий персонал,5,5,70000.0,6.756756756756757
Санкт-Петербург,Транспорт и логистика,7,7,92500.0,9.45945945945946
Санкт-Петербург,Управление,4,4,111000.0,5.405405405405405
Санкт-Петербург,"Финансы, бухгалтерия и право",2,2,105000.0,2.7027027027027026
Саратовская область,Инженерия и производство,1,1,172000.0,2.7027027027027026
Саратовская область,"Маркетинг, медиа и дизайн",2,2,55000.0,5.405405405405405
Саратовская область,Медицина и фармацевтика,1,1,60000.0,2.7027027027027026
Саратовская область,Продажи и клиентский сервис,8,8,50000.0,21.62162162162162
Саратовская область,Прочие профессии,13,11,55000.0,35.13513513513514
Саратовская область,Транспорт и логистика,5,4,63000.0,13.513513513513514
Саратовская область,Управление,5,5,147500.0,13.513513513513514
Саратовская область,"Финансы, бухгалтерия и право",2,1,50000.0,5.405405405405405
Сахалинская область,Инженерия и производство,2,1,104000.0,5.263157894736842
Сахалинская область,Продажи и клиентский сервис,7,7,62500.0,18.421052631578945
Сахалинская область,Прочие профессии,11,8,65000.0,28.947368421052634
Сахалинская область,Рабочий и обслуживающий персонал,2,2,87250.0,5.263157894736842
Сахалинская область,Транспорт и логистика,11,11,92500.0,28.947368421052634
Сахалинская область,Управление,3,0,,7.894736842105263
Сахалинская область,"Финансы, бухгалтерия и право",2,2,147500.0,5.263157894736842
Свердловская область,Инженерия и производство,2,2,125000.0,5.714285714285714
Свердловская область,Информационные технологии,1,1,170000.0,2.857142857142857
Свердловская область,"Маркетинг, медиа и дизайн",2,2,45000.0,5.714285714285714
Свердловская область,Медицина и фармацевтика,1,1,30000.0,2.857142857142857
Свердловская область,Продажи и клиентский сервис,7,7,61215.0,20.0
Свердловская область,Прочие профессии,10,9,45000.0,28.57142857142857
Свердловская область,Строительство и недвижимость,1,1,100000.0,2.857142857142857
Свердловская область,Транспорт и логистика,5,3,100000.0,14.285714285714285
Свердловская область,Управление,2,1,250000.0,5.714285714285714
Свердловская область,"Финансы, бухгалтерия и право",4,3,90000.0,11.428571428571429
Севастополь,Инженерия и производство,5,5,58500.0,12.5
Севастополь,Медицина и фармацевтика,2,1,150000.0,5.0
Севастополь,Образование и наука,1,1,42500.0,2.5
Севастополь,Продажи и клиентский сервис,4,4,72500.0,10.0
Севастополь,Прочие профессии,14,13,52250.0,35.0
Севастополь,Рабочий и обслуживающий персонал,5,5,62500.0,12.5
Севастополь,Строительство и недвижимость,5,5,186000.0,12.5
Севастополь,Транспорт и логистика,4,4,167500.0,10.0
Смоленская область,Инженерия и производство,3,2,117500.0,8.571428571428571
Смоленская область,Информационные технологии,3,3,110000.0,8.571428571428571
Смоленская область,"Маркетинг, медиа и дизайн",1,1,40000.0,2.857142857142857
Смоленская область,Продажи и клиентский сервис,2,2,80000.0,5.714285714285714
Смоленская область,Прочие профессии,10,8,50000.0,28.57142857142857
Смоленская область,Транспорт и логистика,5,4,115000.0,14.285714285714285
Смоленская область,"Финансы, бухгалтерия и право",11,10,75000.0,31.428571428571427
Ставропольский край,Инженерия и производство,1,1,45000.0,2.941176470588235
Ставропольский край,Информационные технологии,2,2,75250.0,5.88235294117647
Ставропольский край,Медицина и фармацевтика,2,2,60000.0,5.88235294117647
Ставропольский край,Охрана и безопасность,1,1,57500.0,2.941176470588235
Ставропольский край,Продажи и клиентский сервис,7,6,57500.0,20.588235294117645
Ставропольский край,Прочие профессии,10,10,65000.0,29.411764705882355
Ставропольский край,Рабочий и обслуживающий персонал,1,1,60000.0,2.941176470588235
Ставропольский край,Транспорт и логистика,4,4,73750.0,11.76470588235294
Ставропольский край,Управление,4,4,186000.0,11.76470588235294
Ставропольский край,"Финансы, бухгалтерия и право",2,2,63500.0,5.88235294117647
Тамбовская область,"Маркетинг, медиа и дизайн",4,4,46000.0,10.81081081081081
Тамбовская область,Продажи и клиентский сервис,4,4,41250.0,10.81081081081081
Тамбовская область,Прочие профессии,19,16,49650.0,51.35135135135135
Тамбовская область,Транспорт и логистика,1,0,,2.7027027027027026
Тамбовская область,Управление,4,3,90000.0,10.81081081081081
Тамбовская область,"Финансы, бухгалтерия и право",5,3,60000.0,13.513513513513514
Тверская область,Инженерия и производство,3,3,45000.0,8.333333333333332
Тверская область,Информационные технологии,4,1,110000.0,11.11111111111111
Тверская область,"Маркетинг, медиа и дизайн",2,2,52000.0,5.555555555555555
Тверская область,Охрана и безопасность,1,1,150000.0,2.7777777777777777
Тверская область,Продажи и клиентский сервис,5,4,63750.0,13.88888888888889
Тверская область,Прочие профессии,12,10,56000.0,33.33333333333333
Тверская область,Рабочий и обслуживающий персонал,1,1,26250.0,2.7777777777777777
Тверская область,Транспорт и логистика,4,3,72500.0,11.11111111111111
Тверская область,"Финансы, бухгалтерия и право",4,4,75000.0,11.11111111111111
Томская область,Инженерия и производство,1,1,65000.0,2.941176470588235
Томская область,Информационные технологии,1,0,,2.941176470588235
Томская область,"Маркетинг, медиа и дизайн",2,2,67500.0,5.88235294117647
Томская область,Охрана и безопасность,1,1,22500.0,2.941176470588235
Томская область,Продажи и клиентский сервис,8,8,42500.0,23.52941176470588
Томская область,Прочие профессии,9,7,25000.0,26.47058823529412
Томская область,Рабочий и обслуживающий персонал,2,2,41250.0,5.88235294117647
Томская область,Транспорт и логистика,7,6,59000.0,20.588235294117645
Томская область,"Финансы, бухгалтерия и право",3,3,70000.0,8.823529411764707
Тульская область,Инженерия и производство,2,2,122900.0,5.555555555555555
Тульская область,Информационные технологии,1,1,90000.0,2.7777777777777777
Тульская область,"Маркетинг, медиа и дизайн",1,1,83500.0,2.7777777777777777
Тульская область,Медицина и фармацевтика,1,1,63500.0,2.7777777777777777
Тульская область,Охрана и безопасность,1,1,78500.0,2.7777777777777777
Тульская область,Продажи и клиентский сервис,5,5,60000.0,13.88888888888889
Тульская область,Прочие профессии,14,13,80000.0,38.88888888888889
Тульская область,Транспорт и логистика,5,4,122500.0,13.88888888888889
Тульская область,Управление,2,2,270000.0,5.555555555555555
Тульская область,"Финансы, бухгалтерия и право",4,3,100000.0,11.11111111111111
Тюменская область,Инженерия и производство,1,1,25000.0,2.631578947368421
Тюменская область,"Маркетинг, медиа и дизайн",2,1,42500.0,5.263157894736842
Тюменская область,Продажи и клиентский сервис,12,12,53750.0,31.57894736842105
Тюменская область,Прочие профессии,12,10,54360.0,31.57894736842105
Тюменская область,Транспорт и логистика,4,3,70000.0,10.526315789473683
Тюменская область,"Финансы, бухгалтерия и право",7,6,70000.0,18.421052631578945
Удмуртская Республика,Инженерия и производство,2,2,56250.0,5.88235294117647
Удмуртская Республика,"Маркетинг, медиа и дизайн",3,3,55000.0,8.823529411764707
Удмуртская Республика,Охрана и безопасность,1,1,40000.0,2.941176470588235
Удмуртская Республика,Продажи и клиентский сервис,8,8,57500.0,23.52941176470588
Удмуртская Республика,Прочие профессии,7,7,60000.0,20.588235294117645
Удмуртская Республика,Транспорт и логистика,6,6,114687.5,17.647058823529413
Удмуртская Республика,Управление,2,2,110000.0,5.88235294117647
Удмуртская Республика,"Финансы, бухгалтерия и право",5,3,85000.0,14.705882352941178
Ульяновская область,Инженерия и производство,1,0,,2.941176470588235
Ульяновская область,Информационные технологии,2,1,70000.0,5.88235294117647
Ульяновская область,"Маркетинг, медиа и дизайн",1,1,40000.0,2.941176470588235
Ульяновская область,Медицина и фармацевтика,2,2,54500.0,5.88235294117647
Ульяновская область,Охрана и безопасность,1,1,2350.0,2.941176470588235
Ульяновская область,Продажи и клиентский сервис,2,2,56250.0,5.88235294117647
Ульяновская область,Прочие профессии,11,11,50000.0,32.35294117647059
Ульяновская область,Рабочий и обслуживающий персонал,1,1,50000.0,2.941176470588235
Ульяновская область,Транспорт и логистика,7,7,63500.0,20.588235294117645
Ульяновская область,Управление,1,0,,2.941176470588235
Ульяновская область,"Финансы, бухгалтерия и право",5,5,50000.0,14.705882352941178
Хабаровский край,Инженерия и производство,1,1,60000.0,2.941176470588235
Хабаровский край,Информационные технологии,2,2,95000.0,5.88235294117647
Хабаровский край,"Маркетинг, медиа и дизайн",1,1,75000.0,2.941176470588235
Хабаровский край,Продажи и клиентский сервис,3,3,55000.0,8.823529411764707
Хабаровский край,Прочие профессии,15,12,72000.0,44.11764705882353
Хабаровский край,Транспорт и логистика,5,5,130000.0,14.705882352941178
Хабаровский край,Управление,1,1,250000.0,2.941176470588235
Хабаровский край,"Финансы, бухгалтерия и право",6,5,90000.0,17.647058823529413
Ханты-Мансийский автономный округ — Югра,Инженерия и производство,6,5,110000.0,8.108108108108109
Ханты-Мансийский автономный округ — Югра,Медицина и фармацевтика,6,5,78500.0,8.108108108108109
Ханты-Мансийский автономный округ — Югра,Охрана и безопасность,2,1,4100.0,2.7027027027027026
Ханты-Мансийский автономный округ — Югра,Продажи и клиентский сервис,14,14,74500.0,18.91891891891892
Ханты-Мансийский автономный округ — Югра,Прочие профессии,26,24,62600.0,35.13513513513514
Ханты-Мансийский автономный округ — Югра,Рабочий и обслуживающий персонал,3,3,71300.0,4.054054054054054
Ханты-Мансийский автономный округ — Югра,Транспорт и логистика,11,10,78500.0,14.864864864864865
Ханты-Мансийский автономный округ — Югра,Управление,4,4,144500.0,5.405405405405405
Ханты-Мансийский автономный округ — Югра,"Финансы, бухгалтерия и право",2,2,142500.0,2.7027027027027026
Челябинская область,Инженерия и производство,1,1,115000.0,2.7027027027027026
Челябинская область,"Маркетинг, медиа и дизайн",1,1,24000.0,2.7027027027027026
Челябинская область,Медицина и фармацевтика,1,1,62500.0,2.7027027027027026
Челябинская область,Охрана и безопасность,2,2,37500.0,5.405405405405405
Челябинская область,Продажи и клиентский сервис,10,10,52350.0,27.027027027027028
Челябинская область,Прочие профессии,12,12,54500.0,32.432432432432435
Челябинская область,Рабочий и обслуживающий персонал,5,5,43100.0,13.513513513513514
Челябинская область,Транспорт и логистика,3,3,90000.0,8.108108108108109
Челябинская область,"Финансы, бухгалтерия и право",2,2,77750.0,5.405405405405405
Чувашская Республика,Инженерия и производство,6,5,65000.0,17.142857142857142
Чувашская Республика,Медицина и фармацевтика,2,2,22560.0,5.714285714285714
Чувашская Республика,Охрана и безопасность,1,1,22500.0,2.857142857142857
Чувашская Республика,Продажи и клиентский сервис,5,5,60000.0,14.285714285714285
Чувашская Республика,Прочие профессии,13,12,54095.0,37.142857142857146
Чувашская Республика,Транспорт и логистика,2,2,176875.0,5.714285714285714
Чувашская Республика,Управление,1,1,500000.0,2.857142857142857
Чувашская Республика,"Финансы, бухгалтерия и право",5,5,70000.0,14.285714285714285
Чукотский автономный округ,Инженерия и производство,11,10,227500.0,13.750000000000002
Чукотский автономный округ,Информационные технологии,3,2,165000.0,3.75
Чукотский автономный округ,Медицина и фармацевтика,5,4,139250.0,6.25
Чукотский автономный округ,Образование и наука,1,1,5000.0,1.25
Чукотский автономный округ,Охрана и безопасность,2,2,35875.0,2.5
Чукотский автономный округ,Продажи и клиентский сервис,8,8,85000.0,10.0
Чукотский автономный округ,Прочие профессии,22,16,80000.0,27.500000000000004
Чукотский автономный округ,Рабочий и обслуживающий персонал,5,5,71300.0,6.25
Чукотский автономный округ,Строительство и недвижимость,1,1,344000.0,1.25
Чукотский автономный округ,Транспорт и логистика,14,13,190000.0,17.5
Чукотский автономный округ,Управление,4,4,124500.0,5.0
Чукотский автономный округ,"Финансы, бухгалтерия и право",4,3,140000.0,5.0
Ямало-Ненецкий автономный округ,Инженерия и производство,5,3,300000.0,14.285714285714285
Ямало-Ненецкий автономный округ,"Маркетинг, медиа и дизайн",2,2,65000.0,5.714285714285714
Ямало-Ненецкий автономный округ,Медицина и фармацевтика,1,1,120000.0,2.857142857142857
Ямало-Ненецкий автономный округ,Охрана и безопасность,1,1,125000.0,2.857142857142857
Ямало-Ненецкий автономный округ,Продажи и клиентский сервис,1,1,154000.0,2.857142857142857
Ямало-Ненецкий автономный округ,Прочие профессии,15,10,102000.0,42.857142857142854
Ямало-Ненецкий автономный округ,Транспорт и логистика,8,7,140000.0,22.857142857142858
Ямало-Ненецкий автономный округ,Управление,1,0,,2.857142857142857
Ямало-Ненецкий автономный округ,"Финансы, бухгалтерия и право",1,0,,2.857142857142857
Ярославская область,Инженерия и производство,1,1,128700.0,2.7777777777777777
Ярославская область,Информационные технологии,1,0,,2.7777777777777777
Ярославская область,"Маркетинг, медиа и дизайн",2,2,90000.0,5.555555555555555
Ярославская область,Медицина и фармацевтика,1,1,25000.0,2.7777777777777777
Ярославская область,Продажи и клиентский сервис,9,9,30000.0,25.0
Ярославская область,Прочие профессии,12,11,50000.0,33.33333333333333
Ярославская область,Транспорт и логистика,4,3,50850.0,11.11111111111111
Ярославская область,Управление,1,0,,2.7777777777777777
Ярославская область,"Финансы, бухгалтерия и право",5,5,85000.0,13.88888888888889
