Код_ISO_субъекта,Субъект_РФ,Период,Уровень_безработицы_pct,Уровень_занятости_pct,Рабочая_сила_тыс_человек,Участие_в_рабочей_силе_pct,Профильное_или_высшее_образование_pct
RU-AD,Республика Адыгея,март–май 2026,2.0,56.0,212.918,57.1,81.52304865617445
RU-AL,Республика Алтай,март–май 2026,5.8,53.8,85.678,57.1,68.03517876022391
RU-ALT,Алтайский край,март–май 2026,3.5,69.1,1122.724,71.6,80.75822253942779
RU-AMU,Амурская область,март–май 2026,1.2,71.3,410.864,72.2,77.68555698135695
RU-ARK,Архангельская область,март–май 2026,2.2,61.0,463.257,62.4,86.07390861810654
RU-AST,Астраханская область,март–май 2026,2.1,69.9,500.846,71.3,83.06767226623572
RU-BA,Республика Башкортостан,март–май 2026,1.6,63.3,1948.359,64.3,85.92186278777852
RU-BEL,Белгородская область,март–май 2026,1.6,69.6,798.062,70.7,86.11818185408671
RU-BRY,Брянская область,март–май 2026,2.1,59.8,527.238,61.1,86.10264905424886
RU-BU,Республика Бурятия,март–май 2026,3.3,59.7,438.426,61.7,74.85025539683406
RU-CE,Чеченская Республика,март–май 2026,5.7,57.8,664.165,61.4,82.45581784314429
RU-CHE,Челябинская область,март–май 2026,1.9,72.3,1841.131,73.7,87.67261265264784
RU-CHU,Чукотский автономный округ,март–май 2026,1.5,74.0,27.819,75.1,96.49925336804132
RU-CU,Чувашская Республика,март–май 2026,1.7,67.6,593.773,68.7,75.8322545192433
RU-DA,Республика Дагестан,март–май 2026,10.8,58.0,1559.904,65.1,57.892858469854396
RU-IN,Республика Ингушетия,март–май 2026,22.8,55.9,284.077,72.4,80.88603998910637
RU-IRK,Иркутская область,март–май 2026,2.7,66.7,1163.603,68.5,77.61594371014783
RU-IVA,Ивановская область,март–май 2026,2.2,65.6,457.273,67.1,81.17976946101658
RU-KAM,Камчатский край,март–май 2026,2.2,75.9,169.57,77.5,81.93133232023193
RU-KB,Кабардино-Балкарская Республика,март–май 2026,2.1,68.2,471.3,69.6,74.36150644907038
RU-KC,Карачаево-Черкесская Республика,март–май 2026,6.9,58.1,220.414,62.5,71.06899683035756
RU-KDA,Краснодарский край,март–май 2026,2.0,67.2,2962.949,68.5,80.38621159272572
RU-KEM,Кемеровская область,март–май 2026,3.2,61.8,1217.664,63.9,78.05084782149379
RU-KGD,Калининградская область,март–май 2026,1.7,69.1,552.733,70.3,74.01201148171117
RU-KGN,Курганская область,март–май 2026,1.9,63.1,348.906,64.3,74.91655942724479
RU-KHA,Хабаровский край,март–май 2026,1.0,73.3,703.066,74.0,76.37134110494418
RU-KHM,Ханты-Мансийский автономный округ — Югра,март–май 2026,1.0,71.4,973.39,72.1,82.08651241214923
RU-KIR,Кировская область,март–май 2026,1.6,68.6,587.244,69.7,74.73340577682588
RU-KK,Республика Хакасия,март–май 2026,1.1,66.2,260.255,66.9,80.13020311786364
RU-KL,Республика Калмыкия,март–май 2026,2.7,67.7,141.807,69.6,89.89697645604087
RU-KLU,Калужская область,март–май 2026,1.0,66.4,541.931,67.1,75.92259245708374
RU-KO,Республика Коми,март–май 2026,3.1,60.9,341.028,62.8,82.38970951664159
RU-KOS,Костромская область,март–май 2026,1.5,63.6,269.341,64.6,83.09218457801188
RU-KR,Республика Карелия,март–май 2026,2.9,62.0,249.859,63.9,77.57683293055001
RU-KRS,Курская область,март–май 2026,1.4,69.2,558.83,70.2,92.64736004989177
RU-KYA,Красноярский край,март–май 2026,1.3,66.1,1421.42,67.0,84.13085227298654
RU-LEN,Ленинградская область,март–май 2026,2.8,68.7,1147.145,70.7,82.11059558722935
RU-LIP,Липецкая область,март–май 2026,1.6,68.9,590.048,70.0,94.21833459932854
RU-MAG,Магаданская область,март–май 2026,1.4,78.6,83.983,79.7,95.05221591783845
RU-ME,Республика Марий Эл,март–май 2026,1.9,64.5,328.946,65.8,76.48571812947168
RU-MO,Республика Мордовия,март–май 2026,1.8,66.1,397.566,67.3,92.34716605342675
RU-MOS,Московская область,март–май 2026,1.9,71.8,4852.915,73.2,90.53045101249424
RU-MOW,Москва,март–май 2026,1.1,73.7,7405.88,74.5,98.1429506932988
RU-MUR,Мурманская область,март–май 2026,2.4,69.3,352.896,71.0,88.33661411310663
RU-NEN,Ненецкий автономный округ,март–май 2026,3.1,70.3,22.703,72.5,84.1113963249846
RU-NGR,Новгородская область,март–май 2026,0.7,66.3,283.304,66.8,75.84479343977664
RU-NIZ,Нижегородская область,март–май 2026,0.9,70.8,1633.539,71.4,82.88489315336226
RU-NVS,Новосибирская область,март–май 2026,2.2,64.2,1356.847,65.6,74.80805040313231
RU-OMS,Омская область,март–май 2026,2.8,65.2,901.546,67.1,77.94738003882598
RU-ORE,Оренбургская область,март–май 2026,1.4,67.8,933.975,68.8,85.16479556630084
RU-ORL,Орловская область,март–май 2026,1.7,62.4,332.098,63.5,83.52094752602757
RU-PER,Пермский край,март–май 2026,1.8,64.2,1195.957,65.4,82.7568389153094
RU-PNZ,Пензенская область,март–май 2026,1.5,68.4,649.015,69.5,80.42219164329511
RU-PRI,Приморский край,март–май 2026,2.0,69.8,970.738,71.3,87.48436568018357
RU-PSK,Псковская область,март–май 2026,1.3,70.1,309.41,71.1,79.22167751656272
RU-ROS,Ростовская область,март–май 2026,2.0,69.6,2228.019,71.0,87.53083185272791
RU-RYA,Рязанская область,март–май 2026,1.8,63.6,527.763,64.8,93.21504581369422
RU-SA,Республика Саха (Якутия),март–май 2026,2.8,67.9,523.65,69.8,78.37008038193062
RU-SAK,Сахалинская область,март–май 2026,1.6,76.4,268.728,77.7,79.02993283184033
RU-SAM,Самарская область,март–май 2026,1.6,69.8,1654.239,70.9,88.32786003808852
RU-SAR,Саратовская область,март–май 2026,1.7,68.5,1254.85,69.6,83.87778060181066
RU-SE,Республика Северная Осетия-Алания,март–май 2026,6.4,58.5,314.72,62.5,73.86142129028292
RU-SMO,Смоленская область,март–май 2026,1.5,65.7,439.34,66.8,84.35828087310429
RU-SPE,Санкт-Петербург,март–май 2026,1.5,74.7,3279.345,75.8,86.02320474214349
RU-STA,Ставропольский край,март–май 2026,2.8,66.0,1484.569,67.9,81.50470861566097
RU-SVE,Свердловская область,март–май 2026,2.2,66.7,2122.786,68.2,91.16846736490908
RU-TA,Республика Татарстан,март–май 2026,1.7,68.1,2074.359,69.3,86.72345527051077
RU-TAM,Тамбовская область,март–май 2026,1.4,65.1,481.172,66.0,91.18461488598587
RU-TOM,Томская область,март–май 2026,2.6,65.4,528.484,67.2,82.87785772393929
RU-TUL,Тульская область,март–май 2026,1.2,70.0,788.612,70.9,82.92182946837002
RU-TVE,Тверская область,март–май 2026,1.9,69.1,633.406,70.4,88.09215629111993
RU-TY,Республика Тыва,март–май 2026,4.6,52.2,125.345,54.8,79.23019116314784
RU-TYU,Тюменская область,март–май 2026,1.4,69.1,2062.362,70.1,83.83907923848292
RU-UD,Удмуртская Республика,март–май 2026,1.4,66.3,713.663,67.3,78.57658556718583
RU-ULY,Ульяновская область,март–май 2026,1.7,65.5,584.671,66.6,78.36667665110781
RU-VGG,Волгоградская область,март–май 2026,1.9,68.4,1295.683,69.7,83.77824033835503
RU-VLA,Владимирская область,март–май 2026,1.9,68.2,684.035,69.5,80.38421718999379
RU-VLG,Вологодская область,март–май 2026,1.5,65.3,553.066,66.3,84.4589157547527
RU-VOR,Воронежская область,март–май 2026,2.1,70.3,1230.418,71.8,81.52467044535949
RU-YAN,Ямало-Ненецкий автономный округ,март–май 2026,1.1,75.2,304.455,76.1,88.75010124744516
RU-YAR,Ярославская область,март–май 2026,2.7,67.3,605.054,69.1,87.76860124440819
RU-YEV,Еврейская автономная область,март–май 2026,1.4,67.8,74.306,68.8,84.41681831184033
RU-ZAB,Забайкальский край,март–май 2026,3.5,63.8,487.349,66.1,74.04075715489041
RU-SEV,Севастополь,апрель–июнь 2026,2.2,59.7,289.1,61.0,
