Код_ISO_субъекта,Субъект_РФ,Индекс_сложности_трудоустройства_1_10,Индекс_при_других_весах_min,Индекс_при_других_весах_max,Лучшее_место_при_других_весах,Худшее_место_при_других_весах,Требуется_работников_человек,Оценка_безработных_человек,Вакансий_на_одного_безработного_V_U,Вакансий_на_10_тыс_рабочей_силы,Доля_вакантных_мест_в_обследованных_организациях_pct,Уровень_безработицы_окт_дек_2024_pct,Уровень_занятости_окт_дек_2024_pct,Уровень_безработицы_2024_pct,Безработица_плюс_потенциальная_рабочая_сила_2024_pct,Структурное_несовпадение_профгрупп_0_1,Среднее_время_поиска_работы_месяцев,Ищут_работу_12_месяцев_и_более_pct,Официальный_коэффициент_напряженности_2024,Сигнал_недоиспользования_труда_0_1,Сигнал_нехватки_вакансий_0_1,Сигнал_структурного_несовпадения_0_1,Сигнал_длительности_поиска_0_1,Сигнал_низкой_оплаты_0_1,Медианная_зарплата_апрель_2025_руб,Прожиточный_минимум_трудоспособных_2025_руб,Медианная_зарплата_к_прожиточному_минимуму,Зарплатный_запас_после_прожиточного_минимума_руб,Привлекательность_зарплаты_1_10,Рабочая_сила_окт_дек_2024_тыс,Рост_средней_зарплаты_2024_к_2023_pct,Рост_зарплаты_июнь_2026_г_г_pct,Осторожность_при_интерпретации_безработицы,Ограничение_охвата,Внешняя_проверка_Спирмен_rho,Максимальная_корреляция_компонентов_Спирмен_rho,Версия_формулы,Интерпретация_внешней_проверки
RU-AD,Республика Адыгея,6.78,6.36,6.97,13,23,3964.43,4464.789000000001,0.8879322180734631,186.46576579542727,6.54,2.1,56.1,2.6,4.3,0.18964107940685032,3.8,1.4,1.1,0.7168674698795181,0.524390243902439,0.8902439024390244,0.04838585109669447,0.8072289156626506,51673.0,16623.0,3.1085243337544366,35050.0,2.73,212.609,21.13575493563107,15.74489156489236,Все пять компонентов опубликованы; стандартные ошибки региона в сборнике не приведены.,Вакансии относятся к организациям без субъектов малого предпринимательства; показатели населения — к выборочному обследованию рабочей силы.,0.695,0.321,4.1: 34% широкое недоиспользование труда + 30% нехватка вакансий + 13% профессиональное несовпадение + 8% длительность поиска + 15% малый абсолютный запас медианной зарплаты после прожиточного минимума,Сильное согласование с официальным коэффициентом напряжённости: ρ=0.69.
RU-AL,Республика Алтай,7.12,6.58,7.42,10,20,2838.62,5523.462,0.5139204361322662,303.2130573180371,8.91,5.9,59.1,7.3,10.5,0.1978417576887118,6.0,21.1,3.3,0.9759036144578314,0.1951219512195122,0.9390243902439024,0.7227371022551745,0.7349397590361446,55387.0,18362.0,3.016392549831173,37025.0,3.39,93.618,21.80865996874917,16.793576446972214,Все пять компонентов опубликованы; стандартные ошибки региона в сборнике не приведены.,Вакансии относятся к организациям без субъектов малого предпринимательства; показатели населения — к выборочному обследованию рабочей силы.,0.695,0.321,4.1: 34% широкое недоиспользование труда + 30% нехватка вакансий + 13% профессиональное несовпадение + 8% длительность поиска + 15% малый абсолютный запас медианной зарплаты после прожиточного минимума,Сильное согласование с официальным коэффициентом напряжённости: ρ=0.69.
RU-ALT,Алтайский край,8.05,7.85,8.2,6,8,16093.72,38695.298,0.41590893033050164,141.40903631237055,4.87,3.4,69.1,3.4,4.7,0.13805649261841846,6.6,21.0,1.5,0.8012048192771084,0.8902439024390244,0.5609756097560976,0.7825919060858819,0.7228915662650602,54938.0,17202.0,3.193698407161958,37736.0,3.49,1138.097,19.606430412285757,14.80996362103073,Все пять компонентов опубликованы; стандартные ошибки региона в сборнике не приведены.,Вакансии относятся к организациям без субъектов малого предпринимательства; показатели населения — к выборочному обследованию рабочей силы.,0.695,0.321,4.1: 34% широкое недоиспользование труда + 30% нехватка вакансий + 13% профессиональное несовпадение + 8% длительность поиска + 15% малый абсолютный запас медианной зарплаты после прожиточного минимума,Сильное согласование с официальным коэффициентом напряжённости: ρ=0.69.
RU-AMU,Амурская область,3.85,3.58,4.08,65,75,12648.0,4087.9399999999996,3.09397887444532,309.397887444532,6.92,1.0,70.7,1.3,2.7,0.05229195755236807,6.4,17.7,0.1,0.29518072289156627,0.4573170731707317,0.0,0.6787534754402225,0.1686746987951807,86265.0,22228.0,3.880915961849919,64037.0,8.48,408.794,19.07967390920977,9.375487393403127,Все пять компонентов опубликованы; стандартные ошибки региона в сборнике не приведены.,Вакансии относятся к организациям без субъектов малого предпринимательства; показатели населения — к выборочному обследованию рабочей силы.,0.695,0.321,4.1: 34% широкое недоиспользование труда + 30% нехватка вакансий + 13% профессиональное несовпадение + 8% длительность поиска + 15% малый абсолютный запас медианной зарплаты после прожиточного минимума,Сильное согласование с официальным коэффициентом напряжённости: ρ=0.69.
RU-ARK,Архангельская область,6.77,6.21,7.13,13,26,11437.06,9123.38,1.2535989951092688,250.71979902185373,4.65,2.0,61.5,2.7,4.6,0.08323740055876383,6.4,17.2,1.1,0.7771084337349398,0.9146341463414634,0.06097560975609756,0.6691380908248379,0.27710843373493976,75701.0,22421.0,3.3763436064403907,53280.0,7.51,456.169,12.518587256935554,10.50193416712153,Все пять компонентов опубликованы; стандартные ошибки региона в сборнике не приведены.,Вакансии относятся к организациям без субъектов малого предпринимательства; показатели населения — к выборочному обследованию рабочей силы.,0.695,0.321,4.1: 34% широкое недоиспользование труда + 30% нехватка вакансий + 13% профессиональное несовпадение + 8% длительность поиска + 15% малый абсолютный запас медианной зарплаты после прожиточного минимума,Сильное согласование с официальным коэффициентом напряжённости: ρ=0.69.
RU-AST,Астраханская область,5.3,5.06,5.63,37,51,8268.04,12019.848,0.6878656036249378,165.08774486998507,5.99,2.4,69.4,2.7,2.7,0.09968250904064262,1.8,,1.5,0.29518072289156627,0.676829268292683,0.14634146341463414,0.25301204819277107,0.9036144578313253,49651.0,18749.0,2.6481945703770866,30902.0,1.87,500.827,15.826481674649262,3.859036728094134,Для части показателей длительности поиска нет опубликованного значения; использован нейтральный процентиль.,Вакансии относятся к организациям без субъектов малого предпринимательства; показатели населения — к выборочному обследованию рабочей силы.,0.695,0.321,4.1: 34% широкое недоиспользование труда + 30% нехватка вакансий + 13% профессиональное несовпадение + 8% длительность поиска + 15% малый абсолютный запас медианной зарплаты после прожиточного минимума,Сильное согласование с официальным коэффициентом напряжённости: ρ=0.69.
RU-BA,Республика Башкортостан,6.47,6.08,6.74,16,30,36382.22,27103.061999999998,1.342365670712778,187.9311938997889,5.46,1.4,62.4,1.8,3.0,0.21751065158985178,4.9,11.1,0.6,0.37349397590361444,0.8292682926829268,0.9878048780487805,0.36283595922150136,0.4939759036144578,61361.0,17202.0,3.5670852226485295,44159.0,5.55,1935.933,18.94603987432624,6.537982892339378,Все пять компонентов опубликованы; стандартные ошибки региона в сборнике не приведены.,Вакансии относятся к организациям без субъектов малого предпринимательства; показатели населения — к выборочному обследованию рабочей силы.,0.695,0.321,4.1: 34% широкое недоиспользование труда + 30% нехватка вакансий + 13% профессиональное несовпадение + 8% длительность поиска + 15% малый абсолютный запас медианной зарплаты после прожиточного минимума,Сильное согласование с официальным коэффициентом напряжённости: ρ=0.69.
RU-BEL,Белгородская область,5.6,5.29,5.89,33,47,21888.77,20274.375000000004,1.079627362125836,269.90684053145907,6.78,2.5,68.5,2.9,3.5,0.193229747365613,3.6,4.6,1.0,0.5240963855421686,0.49390243902439024,0.9024390243902439,0.07819740500463393,0.40963855421686746,63107.0,16237.0,3.8866169858964095,46870.0,6.31,810.975,21.28033817500392,7.810977459351953,Все пять компонентов опубликованы; стандартные ошибки региона в сборнике не приведены.,Вакансии относятся к организациям без субъектов малого предпринимательства; показатели населения — к выборочному обследованию рабочей силы.,0.695,0.321,4.1: 34% широкое недоиспользование труда + 30% нехватка вакансий + 13% профессиональное несовпадение + 8% длительность поиска + 15% малый абсолютный запас медианной зарплаты после прожиточного минимума,Сильное согласование с официальным коэффициентом напряжённости: ρ=0.69.
RU-BRY,Брянская область,6.3,6.04,6.53,21,28,14520.51,12843.952000000001,1.1305328764853684,248.71723282678104,7.25,2.2,65.0,2.3,3.9,0.17263216449519111,5.7,13.4,0.9,0.6385542168674698,0.36585365853658536,0.8170731707317073,0.5485789311090516,0.7469879518072289,54787.0,17782.0,3.0810370037116184,37005.0,3.28,583.816,21.62411087421234,11.815219381566,Все пять компонентов опубликованы; стандартные ошибки региона в сборнике не приведены.,Вакансии относятся к организациям без субъектов малого предпринимательства; показатели населения — к выборочному обследованию рабочей силы.,0.695,0.321,4.1: 34% широкое недоиспользование труда + 30% нехватка вакансий + 13% профессиональное несовпадение + 8% длительность поиска + 15% малый абсолютный запас медианной зарплаты после прожиточного минимума,Сильное согласование с официальным коэффициентом напряжённости: ρ=0.69.
RU-BU,Республика Бурятия,6.17,5.83,6.69,20,31,13113.19,18714.03,0.7007143838072292,301.3071850371085,9.12,4.3,58.9,4.5,9.9,0.11774807242908415,7.2,25.8,1.4,0.963855421686747,0.17073170731707318,0.3170731707317073,0.9137318504788384,0.5421686746987951,64162.0,21069.0,3.0453272580568607,43093.0,5.12,435.21,18.052970980181303,13.498825377097079,Все пять компонентов опубликованы; стандартные ошибки региона в сборнике не приведены.,Вакансии относятся к организациям без субъектов малого предпринимательства; показатели населения — к выборочному обследованию рабочей силы.,0.695,0.321,4.1: 34% широкое недоиспользование труда + 30% нехватка вакансий + 13% профессиональное несовпадение + 8% длительность поиска + 15% малый абсолютный запас медианной зарплаты после прожиточного минимума,Сильное согласование с официальным коэффициентом напряжённости: ρ=0.69.
RU-CE,Чеченская Республика,9.56,9.43,9.59,1,1,1591.2,49556.1,0.03210906427261225,24.08179820445919,1.11,7.5,58.7,8.7,9.1,0.2023666005594279,7.5,17.9,28.6,0.9397590361445783,0.9878048780487805,0.9634146341463414,0.7787303058387396,0.9879518072289156,33360.0,18556.0,1.7978012502694547,14804.0,1.11,660.748,11.091086796925476,-0.46096614190209717,Все пять компонентов опубликованы; стандартные ошибки региона в сборнике не приведены.,Вакансии относятся к организациям без субъектов малого предпринимательства; показатели населения — к выборочному обследованию рабочей силы.,0.695,0.321,4.1: 34% широкое недоиспользование труда + 30% нехватка вакансий + 13% профессиональное несовпадение + 8% длительность поиска + 15% малый абсолютный запас медианной зарплаты после прожиточного минимума,Сильное согласование с официальным коэффициентом напряжённости: ρ=0.69.
RU-CHE,Челябинская область,3.86,3.73,4.1,68,73,47288.88,31868.693,1.4838663135635968,252.25727330581142,6.58,1.7,73.1,1.9,2.4,0.10315386966604129,5.2,9.7,0.8,0.1746987951807229,0.5121951219512195,0.17073170731707318,0.3978220574606117,0.3373493975903614,68626.0,17782.0,3.85929591721966,50844.0,6.96,1874.629,21.347568943283648,7.7387179117835325,Все пять компонентов опубликованы; стандартные ошибки региона в сборнике не приведены.,Вакансии относятся к организациям без субъектов малого предпринимательства; показатели населения — к выборочному обследованию рабочей силы.,0.695,0.321,4.1: 34% широкое недоиспользование труда + 30% нехватка вакансий + 13% профессиональное несовпадение + 8% длительность поиска + 15% малый абсолютный запас медианной зарплаты после прожиточного минимума,Сильное согласование с официальным коэффициентом напряжённости: ρ=0.69.
RU-CHU,Чукотский автономный округ,1.91,1.76,2.08,84,84,3513.48,486.528,7.2215370955011835,1155.4459352801896,12.1,1.6,80.7,1.5,2.2,0.11715941229730349,3.3,,0.3,0.12048192771084337,0.0,0.2926829268292683,0.2740963855421687,0.0,171835.0,50448.0,3.4061806216301935,121387.0,10.0,30.408,16.737773207139696,15.513066408761533,Для части показателей длительности поиска нет опубликованного значения; использован нейтральный процентиль.,Вакансии относятся к организациям без субъектов малого предпринимательства; показатели населения — к выборочному обследованию рабочей силы.,0.695,0.321,4.1: 34% широкое недоиспользование труда + 30% нехватка вакансий + 13% профессиональное несовпадение + 8% длительность поиска + 15% малый абсолютный запас медианной зарплаты после прожиточного минимума,Сильное согласование с официальным коэффициентом напряжённости: ρ=0.69.
RU-CU,Чувашская Республика,5.46,5.14,5.81,32,46,10909.07,11013.045999999998,0.9905588335870023,188.2061783815304,5.83,1.9,65.0,2.1,3.0,0.09065363267710737,4.9,11.3,1.1,0.37349397590361444,0.7317073170731707,0.10975609756097561,0.37565647204201424,0.6987951807228916,54863.0,16817.0,3.262353570791461,38046.0,3.71,579.634,20.28759177483266,10.121896782611683,Все пять компонентов опубликованы; стандартные ошибки региона в сборнике не приведены.,Вакансии относятся к организациям без субъектов малого предпринимательства; показатели населения — к выборочному обследованию рабочей силы.,0.695,0.321,4.1: 34% широкое недоиспользование труда + 30% нехватка вакансий + 13% профессиональное несовпадение + 8% длительность поиска + 15% малый абсолютный запас медианной зарплаты после прожиточного минимума,Сильное согласование с официальным коэффициентом напряжённости: ρ=0.69.
RU-DA,Республика Дагестан,8.96,8.45,9.22,3,4,4925.82,175475.05,0.028071341196369514,32.282042375824936,2.05,11.5,57.6,11.2,16.2,0.11532726973824899,7.8,25.7,38.3,0.9879518072289156,0.975609756097561,0.2682926829268293,0.9344300278035218,0.9759036144578314,35887.0,17589.0,2.040309284211723,18298.0,1.22,1525.87,14.770577703256315,11.96019921592737,Все пять компонентов опубликованы; стандартные ошибки региона в сборнике не приведены.,Вакансии относятся к организациям без субъектов малого предпринимательства; показатели населения — к выборочному обследованию рабочей силы.,0.695,0.321,4.1: 34% широкое недоиспользование труда + 30% нехватка вакансий + 13% профессиональное несовпадение + 8% длительность поиска + 15% малый абсолютный запас медианной зарплаты после прожиточного минимума,Сильное согласование с официальным коэффициентом напряжённости: ρ=0.69.
RU-IN,Республика Ингушетия,9.32,9.05,9.46,2,2,150.0,68269.824,0.002197164006164715,5.62473985578167,0.37,25.6,52.9,26.4,26.7,0.14256027867120524,6.2,18.1,283.3,1.0,1.0,0.6219512195121951,0.6740809391411802,1.0,31418.0,18169.0,1.729209092410149,13249.0,1.0,266.679,11.054989395799165,11.736757651227702,Все пять компонентов опубликованы; стандартные ошибки региона в сборнике не приведены.,Вакансии относятся к организациям без субъектов малого предпринимательства; показатели населения — к выборочному обследованию рабочей силы.,0.695,0.321,4.1: 34% широкое недоиспользование труда + 30% нехватка вакансий + 13% профессиональное несовпадение + 8% длительность поиска + 15% малый абсолютный запас медианной зарплаты после прожиточного минимума,Сильное согласование с официальным коэффициентом напряжённости: ρ=0.69.
RU-IRK,Иркутская область,6.48,5.92,6.76,18,31,26598.19,35559.81,0.7479845927185775,224.39537781557326,4.99,3.0,67.1,3.1,5.9,0.08502741385643942,4.5,9.0,1.0,0.8554216867469879,0.8536585365853658,0.07317073170731707,0.2731696014828545,0.20481927710843373,77550.0,20489.0,3.7849577822246085,57061.0,8.16,1185.327,17.2913455820471,7.6305556347183945,Все пять компонентов опубликованы; стандартные ошибки региона в сборнике не приведены.,Вакансии относятся к организациям без субъектов малого предпринимательства; показатели населения — к выборочному обследованию рабочей силы.,0.695,0.321,4.1: 34% широкое недоиспользование труда + 30% нехватка вакансий + 13% профессиональное несовпадение + 8% длительность поиска + 15% малый абсолютный запас медианной зарплаты после прожиточного минимума,Сильное согласование с официальным коэффициентом напряжённости: ρ=0.69.
RU-IVA,Ивановская область,4.95,4.67,5.36,45,59,11164.63,10876.822,1.026460670221504,225.82134744873088,8.65,2.2,69.4,2.4,2.7,0.13499056343155127,6.8,22.3,0.7,0.29518072289156627,0.21951219512195122,0.524390243902439,0.8327154772937906,0.9156626506024096,48457.0,18169.0,2.6670152457482525,30288.0,1.76,494.401,17.974937994840268,14.368166403192717,Все пять компонентов опубликованы; стандартные ошибки региона в сборнике не приведены.,Вакансии относятся к организациям без субъектов малого предпринимательства; показатели населения — к выборочному обследованию рабочей силы.,0.695,0.321,4.1: 34% широкое недоиспользование труда + 30% нехватка вакансий + 13% профессиональное несовпадение + 8% длительность поиска + 15% малый абсолютный запас медианной зарплаты после прожиточного минимума,Сильное согласование с официальным коэффициентом напряжённости: ρ=0.69.
RU-KAM,Камчатский край,3.98,3.49,4.56,62,77,8926.86,2883.8120000000004,3.0955069193137414,526.2361762833361,11.87,1.7,75.7,2.0,3.0,0.29834862501371545,6.2,19.8,0.5,0.37349397590361444,0.012195121951219513,1.0,0.6997219647822057,0.0963855421686747,113137.0,34019.0,3.3257003439254533,79118.0,9.13,169.636,11.346909484648581,18.43864508298698,Все пять компонентов опубликованы; стандартные ошибки региона в сборнике не приведены.,Вакансии относятся к организациям без субъектов малого предпринимательства; показатели населения — к выборочному обследованию рабочей силы.,0.695,0.321,4.1: 34% широкое недоиспользование труда + 30% нехватка вакансий + 13% профессиональное несовпадение + 8% длительность поиска + 15% малый абсолютный запас медианной зарплаты после прожиточного минимума,Сильное согласование с официальным коэффициентом напряжённости: ρ=0.69.
RU-KB,Кабардино-Балкарская Республика,8.65,8.26,8.73,3,5,3594.42,21700.944,0.16563426918202268,79.50444920737088,4.63,4.8,64.1,6.5,6.5,0.16745740612864396,5.6,5.4,6.2,0.8795180722891566,0.926829268292683,0.7682926829268293,0.3600556070435589,0.963855421686747,39201.0,20682.0,1.895416304032492,18519.0,1.33,452.103,16.449557924369707,10.249933768949893,Все пять компонентов опубликованы; стандартные ошибки региона в сборнике не приведены.,Вакансии относятся к организациям без субъектов малого предпринимательства; показатели населения — к выборочному обследованию рабочей силы.,0.695,0.321,4.1: 34% широкое недоиспользование труда + 30% нехватка вакансий + 13% профессиональное несовпадение + 8% длительность поиска + 15% малый абсолютный запас медианной зарплаты после прожиточного минимума,Сильное согласование с официальным коэффициентом напряжённости: ρ=0.69.
RU-KC,Карачаево-Черкесская Республика,8.2,8.03,8.44,4,8,2986.78,12020.506,0.24847373313569332,131.69107856191746,6.06,5.3,61.3,6.9,8.0,0.13722620167626948,7.7,26.2,5.2,0.927710843373494,0.6585365853658537,0.5487804878048781,0.9382143960457213,0.9397590361445783,39953.0,18169.0,2.1989652705157137,21784.0,1.54,226.802,18.89654590464891,11.870116207098524,Все пять компонентов опубликованы; стандартные ошибки региона в сборнике не приведены.,Вакансии относятся к организациям без субъектов малого предпринимательства; показатели населения — к выборочному обследованию рабочей силы.,0.695,0.321,4.1: 34% широкое недоиспользование труда + 30% нехватка вакансий + 13% профессиональное несовпадение + 8% длительность поиска + 15% малый абсолютный запас медианной зарплаты после прожиточного минимума,Сильное согласование с официальным коэффициентом напряжённости: ρ=0.69.
RU-KDA,Краснодарский край,3.62,3.46,3.86,70,77,85029.14,55564.74,1.5302715355097496,290.7515917468524,9.79,1.9,66.4,2.0,3.1,0.07857038785746367,4.6,15.2,0.7,0.40963855421686746,0.10975609756097561,0.036585365853658534,0.45149830089589127,0.5180722891566265,61954.0,18556.0,3.338758353093339,43398.0,5.34,2924.46,20.70067085348373,15.944748701058309,Все пять компонентов опубликованы; стандартные ошибки региона в сборнике не приведены.,Вакансии относятся к организациям без субъектов малого предпринимательства; показатели населения — к выборочному обследованию рабочей силы.,0.695,0.321,4.1: 34% широкое недоиспользование труда + 30% нехватка вакансий + 13% профессиональное несовпадение + 8% длительность поиска + 15% малый абсолютный запас медианной зарплаты после прожиточного минимума,Сильное согласование с официальным коэффициентом напряжённости: ρ=0.69.
RU-KEM,Кемеровская область,6.19,6.04,6.34,24,30,33860.53,33390.549,1.014075270220924,273.80032295964946,6.33,2.7,62.2,2.7,4.3,0.1410180752969692,5.0,13.2,0.8,0.7168674698795181,0.573170731707317,0.6097560975609756,0.4544331170837195,0.30120481927710846,69226.0,17589.0,3.9357553016089604,51637.0,7.29,1236.687,,,Все пять компонентов опубликованы; стандартные ошибки региона в сборнике не приведены.,Вакансии относятся к организациям без субъектов малого предпринимательства; показатели населения — к выборочному обследованию рабочей силы.,0.695,0.321,4.1: 34% широкое недоиспользование труда + 30% нехватка вакансий + 13% профессиональное несовпадение + 8% длительность поиска + 15% малый абсолютный запас медианной зарплаты после прожиточного минимума,Сильное согласование с официальным коэффициентом напряжённости: ρ=0.69.
RU-KGD,Калининградская область,4.8,4.62,5.17,45,60,10839.89,12615.592,0.8592454480138545,189.033998563048,7.56,2.2,71.2,2.5,2.9,0.17318033143296047,5.1,10.3,1.0,0.3313253012048193,0.32926829268292684,0.8414634146341463,0.38917207290701267,0.46987951807228917,65663.0,19909.0,3.298156612587272,45754.0,5.77,573.436,19.764165583634007,13.324761394128814,Все пять компонентов опубликованы; стандартные ошибки региона в сборнике не приведены.,Вакансии относятся к организациям без субъектов малого предпринимательства; показатели населения — к выборочному обследованию рабочей силы.,0.695,0.321,4.1: 34% широкое недоиспользование труда + 30% нехватка вакансий + 13% профессиональное несовпадение + 8% длительность поиска + 15% малый абсолютный запас медианной зарплаты после прожиточного минимума,Сильное согласование с официальным коэффициентом напряжённости: ρ=0.69.
RU-KGN,Курганская область,5.5,5.14,5.89,33,47,11244.23,7741.734000000001,1.4524175074989656,319.5318516497725,7.68,2.2,61.8,2.8,4.3,0.07640937411877015,6.4,21.5,1.2,0.7168674698795181,0.3170731707317073,0.024390243902439025,0.7717021933889403,0.6385542168674698,58342.0,18169.0,3.211073807033959,40173.0,4.25,351.897,24.772958969250446,9.169451517080418,Все пять компонентов опубликованы; стандартные ошибки региона в сборнике не приведены.,Вакансии относятся к организациям без субъектов малого предпринимательства; показатели населения — к выборочному обследованию рабочей силы.,0.695,0.321,4.1: 34% широкое недоиспользование труда + 30% нехватка вакансий + 13% профессиональное несовпадение + 8% длительность поиска + 15% малый абсолютный запас медианной зарплаты после прожиточного минимума,Сильное согласование с официальным коэффициентом напряжённости: ρ=0.69.
RU-KHA,Хабаровский край,2.73,2.57,2.98,81,83,25240.08,12130.554000000002,2.080702991800704,353.71950860611975,9.19,1.7,72.6,1.6,2.1,0.12916210562983985,5.1,11.5,0.4,0.09036144578313253,0.14634146341463414,0.4634146341463415,0.4212233549582947,0.1566265060240964,87824.0,23581.0,3.7243543530808703,64243.0,8.59,713.562,16.791376756099364,20.331025076067565,Все пять компонентов опубликованы; стандартные ошибки региона в сборнике не приведены.,Вакансии относятся к организациям без субъектов малого предпринимательства; показатели населения — к выборочному обследованию рабочей силы.,0.695,0.321,4.1: 34% широкое недоиспользование труда + 30% нехватка вакансий + 13% профессиональное несовпадение + 8% длительность поиска + 15% малый абсолютный запас медианной зарплаты после прожиточного минимума,Сильное согласование с официальным коэффициентом напряжённости: ρ=0.69.
RU-KHM,Ханты-Мансийский автономный округ — Югра,4.01,3.51,4.29,63,75,36814.92,,,,5.99,,,1.3,1.5,0.163980674293044,2.4,,0.6,0.012048192771084338,0.676829268292683,0.7317073170731707,0.2620481927710843,0.07228915662650602,115106.0,23165.0,4.968961795812648,91941.0,9.35,,,,Для части показателей длительности поиска нет опубликованного значения; использован нейтральный процентиль.,Вакансии относятся к организациям без субъектов малого предпринимательства; показатели населения — к выборочному обследованию рабочей силы.,0.695,0.321,4.1: 34% широкое недоиспользование труда + 30% нехватка вакансий + 13% профессиональное несовпадение + 8% длительность поиска + 15% малый абсолютный запас медианной зарплаты после прожиточного минимума,Сильное согласование с официальным коэффициентом напряжённости: ρ=0.69.
RU-KIR,Кировская область,5.02,4.69,5.4,45,58,13008.04,10578.348000000002,1.2296853913295345,221.34337043931626,5.68,1.8,67.0,2.0,2.2,0.12112819063870192,4.5,10.6,0.6,0.12048192771084337,0.7804878048780488,0.3780487804878049,0.30522088353413657,0.6506024096385542,56609.0,17202.0,3.2908382746192304,39407.0,4.14,587.686,19.89751306505074,11.178004033249733,Все пять компонентов опубликованы; стандартные ошибки региона в сборнике не приведены.,Вакансии относятся к организациям без субъектов малого предпринимательства; показатели населения — к выборочному обследованию рабочей силы.,0.695,0.321,4.1: 34% широкое недоиспользование труда + 30% нехватка вакансий + 13% профессиональное несовпадение + 8% длительность поиска + 15% малый абсолютный запас медианной зарплаты после прожиточного минимума,Сильное согласование с официальным коэффициентом напряжённости: ρ=0.69.
RU-KK,Республика Хакасия,6.16,5.88,6.48,20,30,6645.89,4255.36,1.5617691570160928,249.88306512257483,7.47,1.6,67.0,1.6,3.8,0.17267578843900666,8.2,25.0,0.7,0.6265060240963856,0.34146341463414637,0.8292682926829268,0.930259499536608,0.5060240963855421,63156.0,19716.0,3.203286670724285,43440.0,5.45,265.96,15.083796146384088,10.950489987217725,Все пять компонентов опубликованы; стандартные ошибки региона в сборнике не приведены.,Вакансии относятся к организациям без субъектов малого предпринимательства; показатели населения — к выборочному обследованию рабочей силы.,0.695,0.321,4.1: 34% широкое недоиспользование труда + 30% нехватка вакансий + 13% профессиональное несовпадение + 8% длительность поиска + 15% малый абсолютный запас медианной зарплаты после прожиточного минимума,Сильное согласование с официальным коэффициентом напряжённости: ρ=0.69.
RU-KL,Республика Калмыкия,7.25,6.74,7.45,11,15,1672.5,5703.474,0.2932423291488661,123.16177824252378,5.7,4.2,65.5,5.1,5.1,0.11768641409036965,3.8,3.8,4.3,0.8192771084337349,0.7682926829268293,0.3048780487804878,0.08364226135310474,0.927710843373494,45287.0,18942.0,2.3908246225319396,26345.0,1.65,135.797,19.835212586818418,14.642587722815058,Все пять компонентов опубликованы; стандартные ошибки региона в сборнике не приведены.,Вакансии относятся к организациям без субъектов малого предпринимательства; показатели населения — к выборочному обследованию рабочей силы.,0.695,0.321,4.1: 34% широкое недоиспользование труда + 30% нехватка вакансий + 13% профессиональное несовпадение + 8% длительность поиска + 15% малый абсолютный запас медианной зарплаты после прожиточного минимума,Сильное согласование с официальным коэффициентом напряжённости: ρ=0.69.
RU-KLU,Калужская область,4.88,4.71,4.95,53,60,14084.46,7038.0599999999995,2.001184985635246,240.14219827622952,6.94,1.2,70.9,1.5,3.3,0.13583959831260398,4.1,8.4,0.6,0.4578313253012048,0.43902439024390244,0.5365853658536586,0.208758109360519,0.3855421686746988,67034.0,18556.0,3.6125242509161457,48478.0,6.53,586.505,20.32886287449587,13.598031514255338,Все пять компонентов опубликованы; стандартные ошибки региона в сборнике не приведены.,Вакансии относятся к организациям без субъектов малого предпринимательства; показатели населения — к выборочному обследованию рабочей силы.,0.695,0.321,4.1: 34% широкое недоиспользование труда + 30% нехватка вакансий + 13% профессиональное несовпадение + 8% длительность поиска + 15% малый абсолютный запас медианной зарплаты после прожиточного минимума,Сильное согласование с официальным коэффициентом напряжённости: ρ=0.69.
RU-KO,Республика Коми,7.98,7.69,8.26,5,9,8386.97,11345.039,0.7392632145204612,229.171596501343,4.62,3.1,63.9,3.7,5.6,0.16888810911003016,7.0,30.8,1.2,0.8373493975903614,0.9390243902439024,0.7804878048780488,0.9118782823602101,0.2289156626506024,78159.0,22228.0,3.5162407773978765,55931.0,7.94,365.969,14.136797616155118,7.847276371301781,Все пять компонентов опубликованы; стандартные ошибки региона в сборнике не приведены.,Вакансии относятся к организациям без субъектов малого предпринимательства; показатели населения — к выборочному обследованию рабочей силы.,0.695,0.321,4.1: 34% широкое недоиспользование труда + 30% нехватка вакансий + 13% профессиональное несовпадение + 8% длительность поиска + 15% малый абсолютный запас медианной зарплаты после прожиточного минимума,Сильное согласование с официальным коэффициентом напряжённости: ρ=0.69.
RU-KOS,Костромская область,5.21,5.01,5.42,42,53,7622.89,6199.049999999999,1.2296868068494369,270.5310975068761,7.27,2.2,64.6,2.4,3.5,0.11657130581847677,4.1,9.3,0.8,0.5240963855421686,0.35365853658536583,0.2804878048780488,0.24080939141180105,0.8554216867469879,52059.0,17782.0,2.9276234394331344,34277.0,2.3,281.775,21.774769686689964,10.55389457356435,Все пять компонентов опубликованы; стандартные ошибки региона в сборнике не приведены.,Вакансии относятся к организациям без субъектов малого предпринимательства; показатели населения — к выборочному обследованию рабочей силы.,0.695,0.321,4.1: 34% широкое недоиспользование труда + 30% нехватка вакансий + 13% профессиональное несовпадение + 8% длительность поиска + 15% малый абсолютный запас медианной зарплаты после прожиточного минимума,Сильное согласование с официальным коэффициентом напряжённости: ρ=0.69.
RU-KR,Республика Карелия,7.84,7.64,8.04,7,10,6040.09,9810.042,0.6157048053413023,233.9678260296949,5.62,3.8,62.0,4.1,6.2,0.17794859652308453,5.8,18.0,1.5,0.8674698795180723,0.8048780487804879,0.8658536585365854,0.6375502008032128,0.39759036144578314,69214.0,21456.0,3.225857568978374,47758.0,6.42,258.159,14.258918484023365,6.689875469945394,Все пять компонентов опубликованы; стандартные ошибки региона в сборнике не приведены.,Вакансии относятся к организациям без субъектов малого предпринимательства; показатели населения — к выборочному обследованию рабочей силы.,0.695,0.321,4.1: 34% широкое недоиспользование труда + 30% нехватка вакансий + 13% профессиональное несовпадение + 8% длительность поиска + 15% малый абсолютный запас медианной зарплаты после прожиточного минимума,Сильное согласование с официальным коэффициентом напряжённости: ρ=0.69.
RU-KRS,Курская область,5.02,4.54,5.37,41,61,14456.47,9491.015000000001,1.523174286417206,258.939628690925,6.16,1.7,67.7,1.9,2.1,0.1764190319509334,4.1,,1.0,0.09036144578313253,0.6341463414634146,0.8536585365853658,0.3433734939759036,0.5783132530120482,59197.0,16817.0,3.520068977820063,42380.0,4.8,558.295,21.342375587486508,11.089226676557296,Для части показателей длительности поиска нет опубликованного значения; использован нейтральный процентиль.,Вакансии относятся к организациям без субъектов малого предпринимательства; показатели населения — к выборочному обследованию рабочей силы.,0.695,0.321,4.1: 34% широкое недоиспользование труда + 30% нехватка вакансий + 13% профессиональное несовпадение + 8% длительность поиска + 15% малый абсолютный запас медианной зарплаты после прожиточного минимума,Сильное согласование с официальным коэффициентом напряжённости: ρ=0.69.
RU-KYA,Красноярский край,4.07,3.88,4.39,63,69,47590.57,25175.453000000005,1.8903560543677205,321.3605292425125,6.92,1.7,68.3,1.5,2.4,0.12682570446650615,6.7,18.7,0.4,0.1746987951807229,0.4573170731707317,0.4268292682926829,0.7565647204201421,0.1927710843373494,81731.0,21456.0,3.809237509321402,60275.0,8.27,1480.909,16.982719268489998,14.099706819653557,Все пять компонентов опубликованы; стандартные ошибки региона в сборнике не приведены.,Вакансии относятся к организациям без субъектов малого предпринимательства; показатели населения — к выборочному обследованию рабочей силы.,0.695,0.321,4.1: 34% широкое недоиспользование труда + 30% нехватка вакансий + 13% профессиональное несовпадение + 8% длительность поиска + 15% малый абсолютный запас медианной зарплаты после прожиточного минимума,Сильное согласование с официальным коэффициентом напряжённости: ρ=0.69.
RU-LEN,Ленинградская область,3.98,3.52,4.46,64,76,39874.17,31822.531999999996,1.253016887531137,350.8447285087183,9.93,2.8,68.8,2.8,3.3,0.195279992281813,4.6,7.0,0.5,0.4578313253012048,0.04878048780487805,0.9146341463414634,0.25278035217794254,0.14457831325301204,85233.0,20682.0,4.121119814331302,64551.0,8.7,1136.519,20.496493316402685,6.731569046821462,Все пять компонентов опубликованы; стандартные ошибки региона в сборнике не приведены.,Вакансии относятся к организациям без субъектов малого предпринимательства; показатели населения — к выборочному обследованию рабочей силы.,0.695,0.321,4.1: 34% широкое недоиспользование труда + 30% нехватка вакансий + 13% профессиональное несовпадение + 8% длительность поиска + 15% малый абсолютный запас медианной зарплаты после прожиточного минимума,Сильное согласование с официальным коэффициентом напряжённости: ρ=0.69.
RU-LIP,Липецкая область,3.69,3.61,3.83,70,75,18961.46,12485.234999999999,1.518710701080116,318.9292472268243,8.5,2.1,67.9,2.1,2.6,0.12809560293979205,4.6,6.9,0.7,0.2469879518072289,0.23170731707317074,0.43902439024390244,0.24637009576768615,0.4578313253012048,62201.0,16043.0,3.877142679050053,46158.0,5.88,594.535,26.8878567550771,10.222330808697787,Все пять компонентов опубликованы; стандартные ошибки региона в сборнике не приведены.,Вакансии относятся к организациям без субъектов малого предпринимательства; показатели населения — к выборочному обследованию рабочей силы.,0.695,0.321,4.1: 34% широкое недоиспользование труда + 30% нехватка вакансий + 13% профессиональное несовпадение + 8% длительность поиска + 15% малый абсолютный запас медианной зарплаты после прожиточного минимума,Сильное согласование с официальным коэффициентом напряжённости: ρ=0.69.
RU-MAG,Магаданская область,3.21,2.98,3.59,77,80,4857.4,1561.72,3.1102886560971235,622.0577312194247,10.66,2.0,72.6,2.6,3.0,0.11901004167254395,8.6,13.0,0.6,0.37349397590361444,0.036585365853658534,0.34146341463414637,0.7247451343836886,0.03614457831325301,130724.0,33632.0,3.886893434823977,97092.0,9.67,78.086,16.002953353410998,16.451178010251443,Все пять компонентов опубликованы; стандартные ошибки региона в сборнике не приведены.,Вакансии относятся к организациям без субъектов малого предпринимательства; показатели населения — к выборочному обследованию рабочей силы.,0.695,0.321,4.1: 34% широкое недоиспользование труда + 30% нехватка вакансий + 13% профессиональное несовпадение + 8% длительность поиска + 15% малый абсолютный запас медианной зарплаты после прожиточного минимума,Сильное согласование с официальным коэффициентом напряжённости: ρ=0.69.
RU-ME,Республика Марий Эл,6.58,6.27,6.98,16,25,5461.23,7301.520000000001,0.7479579594385825,149.59159188771653,4.92,2.0,70.9,2.3,3.2,0.11275984641354478,7.0,24.3,0.9,0.42771084337349397,0.8780487804878049,0.21951219512195122,0.8605962310781587,0.7590361445783133,53930.0,17009.0,3.1706743488741256,36921.0,3.17,365.076,23.453737949668295,9.409015419205469,Все пять компонентов опубликованы; стандартные ошибки региона в сборнике не приведены.,Вакансии относятся к организациям без субъектов малого предпринимательства; показатели населения — к выборочному обследованию рабочей силы.,0.695,0.321,4.1: 34% широкое недоиспользование труда + 30% нехватка вакансий + 13% профессиональное несовпадение + 8% длительность поиска + 15% малый абсолютный запас медианной зарплаты после прожиточного минимума,Сильное согласование с официальным коэффициентом напряжённости: ρ=0.69.
RU-MO,Республика Мордовия,5.13,4.84,5.52,40,60,8996.11,7320.78,1.2288458333674828,221.1922500061469,6.31,1.8,66.3,2.0,2.6,0.07434525826577915,8.0,27.8,1.0,0.2469879518072289,0.5975609756097561,0.012195121951219513,0.9626969416126043,0.7831325301204819,53078.0,16430.0,3.2305538648813146,36648.0,2.95,406.71,23.441601091331464,7.626018163027326,Все пять компонентов опубликованы; стандартные ошибки региона в сборнике не приведены.,Вакансии относятся к организациям без субъектов малого предпринимательства; показатели населения — к выборочному обследованию рабочей силы.,0.695,0.321,4.1: 34% широкое недоиспользование труда + 30% нехватка вакансий + 13% профессиональное несовпадение + 8% длительность поиска + 15% малый абсолютный запас медианной зарплаты после прожиточного минимума,Сильное согласование с официальным коэффициентом напряжённости: ρ=0.69.
RU-MOS,Московская область,3.02,2.69,3.38,78,80,198993.22,75343.264,2.64115475538729,422.58476086196634,10.96,1.6,71.3,1.7,2.7,0.14968666059723346,3.9,6.4,1.0,0.29518072289156627,0.024390243902439025,0.6585365853658537,0.13755020080321284,0.13253012048192772,90768.0,21039.0,4.314273492086126,69729.0,8.81,4708.954,19.77963206522628,16.053235498638706,Все пять компонентов опубликованы; стандартные ошибки региона в сборнике не приведены.,Вакансии относятся к организациям без субъектов малого предпринимательства; показатели населения — к выборочному обследованию рабочей силы.,0.695,0.321,4.1: 34% широкое недоиспользование труда + 30% нехватка вакансий + 13% профессиональное несовпадение + 8% длительность поиска + 15% малый абсолютный запас медианной зарплаты после прожиточного минимума,Сильное согласование с официальным коэффициентом напряжённости: ρ=0.69.
RU-MOW,Москва,2.71,2.33,3.33,79,83,346626.11,64776.537000000004,5.351105910462611,481.59953194163495,9.37,0.9,71.9,1.0,1.3,0.1970406898626279,5.0,7.4,0.7,0.0,0.13414634146341464,0.926829268292683,0.3198177324683349,0.024096385542168676,128429.0,27302.0,4.704014357922497,101127.0,9.78,7197.393,18.984102846733684,9.241600535116156,Все пять компонентов опубликованы; стандартные ошибки региона в сборнике не приведены.,Вакансии относятся к организациям без субъектов малого предпринимательства; показатели населения — к выборочному обследованию рабочей силы.,0.695,0.321,4.1: 34% широкое недоиспользование труда + 30% нехватка вакансий + 13% профессиональное несовпадение + 8% длительность поиска + 15% малый абсолютный запас медианной зарплаты после прожиточного минимума,Сильное согласование с официальным коэффициентом напряжённости: ρ=0.69.
RU-MUR,Мурманская область,6.38,5.98,6.64,19,30,8640.4,8570.725,1.008129417289669,252.0323543224173,5.03,2.5,66.4,2.6,4.4,0.11298556055296308,5.1,15.1,0.5,0.7530120481927711,0.8414634146341463,0.23170731707317074,0.5173772011121408,0.12048192771084337,99645.0,27675.0,3.600542005420054,71970.0,8.92,342.829,15.489357020208082,12.939797769010998,Все пять компонентов опубликованы; стандартные ошибки региона в сборнике не приведены.,Вакансии относятся к организациям без субъектов малого предпринимательства; показатели населения — к выборочному обследованию рабочей силы.,0.695,0.321,4.1: 34% широкое недоиспользование труда + 30% нехватка вакансий + 13% профессиональное несовпадение + 8% длительность поиска + 15% малый абсолютный запас медианной зарплаты после прожиточного минимума,Сильное согласование с официальным коэффициентом напряжённости: ρ=0.69.
RU-NEN,Ненецкий автономный округ,7.3,6.9,7.64,11,15,776.7,,,,3.93,,,5.0,7.1,0.12016300292594428,6.8,12.5,1.4,0.9096385542168675,0.9512195121951219,0.36585365853658536,0.6147667593450725,0.060240963855421686,125179.0,32034.0,3.907691827433352,93145.0,9.46,,,,Все пять компонентов опубликованы; стандартные ошибки региона в сборнике не приведены.,Вакансии относятся к организациям без субъектов малого предпринимательства; показатели населения — к выборочному обследованию рабочей силы.,0.695,0.321,4.1: 34% широкое недоиспользование труда + 30% нехватка вакансий + 13% профессиональное несовпадение + 8% длительность поиска + 15% малый абсолютный запас медианной зарплаты после прожиточного минимума,Сильное согласование с официальным коэффициентом напряжённости: ρ=0.69.
RU-NGR,Новгородская область,3.78,3.57,4.23,66,75,10164.38,3452.592,2.9439852725140994,353.27823270169193,9.16,1.2,65.7,1.4,2.5,0.10770768837021008,6.5,23.8,0.7,0.21084337349397592,0.15853658536585366,0.1951219512195122,0.8120172999691071,0.6626506024096386,57919.0,18942.0,3.0577024601414844,38977.0,4.04,287.716,17.503290813374896,20.04120442001076,Все пять компонентов опубликованы; стандартные ошибки региона в сборнике не приведены.,Вакансии относятся к организациям без субъектов малого предпринимательства; показатели населения — к выборочному обследованию рабочей силы.,0.695,0.321,4.1: 34% широкое недоиспользование труда + 30% нехватка вакансий + 13% профессиональное несовпадение + 8% длительность поиска + 15% малый абсолютный запас медианной зарплаты после прожиточного минимума,Сильное согласование с официальным коэффициентом напряжённости: ρ=0.69.
RU-NIZ,Нижегородская область,3.48,3.19,3.69,74,79,51782.24,19794.432,2.616000297457386,313.92003569488634,7.2,1.2,70.0,1.3,1.8,0.1334234444317616,4.9,12.1,0.3,0.03614457831325301,0.3780487804878049,0.5,0.388476984862527,0.3614457831325301,67691.0,18169.0,3.7256315702570313,49522.0,6.75,1649.536,23.823246241494765,11.91886837095877,Все пять компонентов опубликованы; стандартные ошибки региона в сборнике не приведены.,Вакансии относятся к организациям без субъектов малого предпринимательства; показатели населения — к выборочному обследованию рабочей силы.,0.695,0.321,4.1: 34% широкое недоиспользование труда + 30% нехватка вакансий + 13% профессиональное несовпадение + 8% длительность поиска + 15% малый абсолютный запас медианной зарплаты после прожиточного минимума,Сильное согласование с официальным коэффициентом напряжённости: ρ=0.69.
RU-NVS,Новосибирская область,6.55,6.35,6.75,17,24,34035.28,29013.096,1.1731005887823898,246.35112364430185,6.29,2.1,64.9,2.8,4.3,0.18692369395536323,5.0,13.2,0.9,0.7168674698795181,0.6097560975609756,0.8780487804878049,0.4544331170837195,0.26506024096385544,72658.0,18942.0,3.8358145919121527,53716.0,7.61,1381.576,20.996630703730055,11.54955064300256,Все пять компонентов опубликованы; стандартные ошибки региона в сборнике не приведены.,Вакансии относятся к организациям без субъектов малого предпринимательства; показатели населения — к выборочному обследованию рабочей силы.,0.695,0.321,4.1: 34% широкое недоиспользование труда + 30% нехватка вакансий + 13% профессиональное несовпадение + 8% длительность поиска + 15% малый абсолютный запас медианной зарплаты после прожиточного минимума,Сильное согласование с официальным коэффициентом напряжённости: ρ=0.69.
RU-OMS,Омская область,5.28,4.99,5.63,35,53,26475.07,27599.79,0.9592489653000983,287.7746895900295,7.85,3.0,65.3,3.0,4.2,0.08790144274675821,5.7,18.6,1.4,0.6807228915662651,0.3048780487804878,0.08536585365853659,0.6447327772628978,0.6024096385542169,57978.0,16816.0,3.4477878211227404,41162.0,4.58,919.993,18.019663494463177,12.377674654044801,Все пять компонентов опубликованы; стандартные ошибки региона в сборнике не приведены.,Вакансии относятся к организациям без субъектов малого предпринимательства; показатели населения — к выборочному обследованию рабочей силы.,0.695,0.321,4.1: 34% широкое недоиспользование труда + 30% нехватка вакансий + 13% профессиональное несовпадение + 8% длительность поиска + 15% малый абсолютный запас медианной зарплаты после прожиточного минимума,Сильное согласование с официальным коэффициентом напряжённости: ρ=0.69.
RU-ORE,Оренбургская область,5.21,4.69,5.68,37,56,18449.52,14325.615000000002,1.2878693166052555,193.18039749078835,6.32,1.5,68.3,1.6,1.9,0.2099599848959541,6.4,19.9,0.7,0.05421686746987952,0.5853658536585366,0.975609756097561,0.733240654927402,0.5903614457831325,59061.0,16817.0,3.5119819230540523,42244.0,4.69,955.041,19.391933171934927,9.688672102431584,Все пять компонентов опубликованы; стандартные ошибки региона в сборнике не приведены.,Вакансии относятся к организациям без субъектов малого предпринимательства; показатели населения — к выборочному обследованию рабочей силы.,0.695,0.321,4.1: 34% широкое недоиспользование труда + 30% нехватка вакансий + 13% профессиональное несовпадение + 8% длительность поиска + 15% малый абсолютный запас медианной зарплаты после прожиточного минимума,Сильное согласование с официальным коэффициентом напряжённости: ρ=0.69.
RU-ORL,Орловская область,7.17,6.97,7.27,12,15,8656.34,8064.311999999999,1.0734133302382152,257.6191992571716,6.36,2.4,61.3,2.6,4.4,0.16579277108433282,5.4,8.6,0.6,0.7530120481927711,0.5609756097560976,0.7439024390243902,0.3838430645659561,0.891566265060241,50517.0,17976.0,2.8102469959946594,32541.0,1.98,336.013,17.960909866573683,10.561040098648288,Все пять компонентов опубликованы; стандартные ошибки региона в сборнике не приведены.,Вакансии относятся к организациям без субъектов малого предпринимательства; показатели населения — к выборочному обследованию рабочей силы.,0.695,0.321,4.1: 34% широкое недоиспользование труда + 30% нехватка вакансий + 13% профессиональное несовпадение + 8% длительность поиска + 15% малый абсолютный запас медианной зарплаты после прожиточного минимума,Сильное согласование с официальным коэффициентом напряжённости: ρ=0.69.
RU-PER,Пермский край,5.42,5.27,5.59,38,45,30984.56,22788.999,1.3596279503105864,258.3293105590114,6.23,1.9,63.3,2.2,3.3,0.11775318862712249,5.9,21.3,0.9,0.4578313253012048,0.6219512195121951,0.32926829268292684,0.7201112140871178,0.3253012048192771,68680.0,17782.0,3.8623326959847035,50898.0,7.07,1199.421,20.452890623355646,11.741058477350919,Все пять компонентов опубликованы; стандартные ошибки региона в сборнике не приведены.,Вакансии относятся к организациям без субъектов малого предпринимательства; показатели населения — к выборочному обследованию рабочей силы.,0.695,0.321,4.1: 34% широкое недоиспользование труда + 30% нехватка вакансий + 13% профессиональное несовпадение + 8% длительность поиска + 15% малый абсолютный запас медианной зарплаты после прожиточного минимума,Сильное согласование с официальным коэффициентом напряжённости: ρ=0.69.
RU-PNZ,Пензенская область,5.64,5.39,5.89,32,43,13917.92,10820.704,1.2862305447039306,218.6591925996682,7.09,1.7,65.6,2.2,3.5,0.17186257684600814,4.0,4.6,1.4,0.5240963855421686,0.3902439024390244,0.8048780487804879,0.11434198331788695,0.7108433734939759,54064.0,16237.0,3.3296791279177187,37827.0,3.6,636.512,19.31934243686142,11.851982777514603,Все пять компонентов опубликованы; стандартные ошибки региона в сборнике не приведены.,Вакансии относятся к организациям без субъектов малого предпринимательства; показатели населения — к выборочному обследованию рабочей силы.,0.695,0.321,4.1: 34% широкое недоиспользование труда + 30% нехватка вакансий + 13% профессиональное несовпадение + 8% длительность поиска + 15% малый абсолютный запас медианной зарплаты после прожиточного минимума,Сильное согласование с официальным коэффициентом напряжённости: ρ=0.69.
RU-PRI,Приморский край,4.64,4.24,5.03,54,62,32717.71,22913.29,1.4278922843467698,328.4152253997571,9.88,2.3,70.2,2.1,3.6,0.15786901797290662,6.8,25.3,0.4,0.5783132530120482,0.07317073170731707,0.6951219512195121,0.8615616311399443,0.18072289156626506,85433.0,23001.0,3.7143167688361376,62432.0,8.37,996.23,20.451335444559525,7.500506230337267,Все пять компонентов опубликованы; стандартные ошибки региона в сборнике не приведены.,Вакансии относятся к организациям без субъектов малого предпринимательства; показатели населения — к выборочному обследованию рабочей силы.,0.695,0.321,4.1: 34% широкое недоиспользование труда + 30% нехватка вакансий + 13% профессиональное несовпадение + 8% длительность поиска + 15% малый абсолютный запас медианной зарплаты после прожиточного минимума,Сильное согласование с официальным коэффициентом напряжённости: ρ=0.69.
RU-PSK,Псковская область,5.25,5.01,5.56,38,52,8587.29,7330.444999999999,1.1714554846261043,269.43476146400394,7.92,2.3,69.4,2.3,3.5,0.09022310105142313,7.1,20.5,0.7,0.5240963855421686,0.2804878048780488,0.0975609756097561,0.8213623725671919,0.8795180722891566,51766.0,19136.0,2.7051630434782608,32630.0,2.08,318.715,22.587152444870597,11.356844892656447,Все пять компонентов опубликованы; стандартные ошибки региона в сборнике не приведены.,Вакансии относятся к организациям без субъектов малого предпринимательства; показатели населения — к выборочному обследованию рабочей силы.,0.695,0.321,4.1: 34% широкое недоиспользование труда + 30% нехватка вакансий + 13% профессиональное несовпадение + 8% длительность поиска + 15% малый абсолютный запас медианной зарплаты после прожиточного минимума,Сильное согласование с официальным коэффициентом напряжённости: ρ=0.69.
RU-ROS,Ростовская область,4.43,4.14,4.67,58,67,67901.38,51445.043,1.3198818786097624,303.57283208024535,9.8,2.3,68.9,2.4,3.6,0.1232094155240297,4.4,3.3,1.1,0.5783132530120482,0.09146341463414634,0.4024390243902439,0.15855730614766758,0.6144578313253012,59145.0,18169.0,3.2552699653255543,40976.0,4.47,2236.741,18.913073753369012,12.644789343775088,Все пять компонентов опубликованы; стандартные ошибки региона в сборнике не приведены.,Вакансии относятся к организациям без субъектов малого предпринимательства; показатели населения — к выборочному обследованию рабочей силы.,0.695,0.321,4.1: 34% широкое недоиспользование труда + 30% нехватка вакансий + 13% профессиональное несовпадение + 8% длительность поиска + 15% малый абсолютный запас медианной зарплаты после прожиточного минимума,Сильное согласование с официальным коэффициентом напряжённости: ρ=0.69.
RU-RYA,Рязанская область,5.63,5.47,5.75,33,43,13434.31,11626.186,1.1555216818309977,254.2147700028195,6.42,2.2,62.4,2.3,3.0,0.14526419998902804,5.4,17.7,0.8,0.37349397590361444,0.5487804878048781,0.6341463414634146,0.5793558850787766,0.6265060240963856,57715.0,17202.0,3.3551331240553424,40513.0,4.36,528.463,20.056964007338497,14.31911799397032,Все пять компонентов опубликованы; стандартные ошибки региона в сборнике не приведены.,Вакансии относятся к организациям без субъектов малого предпринимательства; показатели населения — к выборочному обследованию рабочей силы.,0.695,0.321,4.1: 34% широкое недоиспользование труда + 30% нехватка вакансий + 13% профессиональное несовпадение + 8% длительность поиска + 15% малый абсолютный запас медианной зарплаты после прожиточного минимума,Сильное согласование с официальным коэффициентом напряжённости: ρ=0.69.
RU-SA,Республика Саха (Якутия),6.86,6.32,7.18,12,25,15426.07,27490.996000000003,0.5611317247290712,291.78849685911706,4.94,5.2,67.8,5.1,7.1,0.1287957567044478,4.0,5.0,2.6,0.9096385542168675,0.8658536585365854,0.45121951219512196,0.1367778807537844,0.08433734939759036,110124.0,29187.0,3.773049645390071,80937.0,9.24,528.673,14.875752254350871,6.374572980412396,Все пять компонентов опубликованы; стандартные ошибки региона в сборнике не приведены.,Вакансии относятся к организациям без субъектов малого предпринимательства; показатели населения — к выборочному обследованию рабочей силы.,0.695,0.321,4.1: 34% широкое недоиспользование труда + 30% нехватка вакансий + 13% профессиональное несовпадение + 8% длительность поиска + 15% малый абсолютный запас медианной зарплаты после прожиточного минимума,Сильное согласование с официальным коэффициентом напряжённости: ρ=0.69.
RU-SAK,Сахалинская область,5.45,5.06,5.74,33,54,6541.1,4618.781,1.4161961781690884,240.75335028874503,5.56,1.7,75.6,2.4,3.6,0.11478023070087189,4.1,4.8,0.6,0.5783132530120482,0.8170731707317073,0.25609756097560976,0.1542709298733395,0.04819277108433735,120477.0,26288.0,4.582965611685941,94189.0,9.57,271.693,15.368510726654305,6.895811502610538,Все пять компонентов опубликованы; стандартные ошибки региона в сборнике не приведены.,Вакансии относятся к организациям без субъектов малого предпринимательства; показатели населения — к выборочному обследованию рабочей силы.,0.695,0.321,4.1: 34% широкое недоиспользование труда + 30% нехватка вакансий + 13% профессиональное несовпадение + 8% длительность поиска + 15% малый абсолютный запас медианной зарплаты после прожиточного минимума,Сильное согласование с официальным коэффициентом напряжённости: ρ=0.69.
RU-SAM,Самарская область,5.16,4.87,5.37,43,57,37459.72,31953.515999999996,1.1723191901636116,222.74064613108618,5.84,1.9,69.7,2.0,2.6,0.13968566142289013,4.2,8.9,0.7,0.2469879518072289,0.7134146341463414,0.5975609756097561,0.2456750077232005,0.4457831325301205,64400.0,18169.0,3.5444988717045516,46231.0,5.99,1681.764,21.632530882490574,11.634596740450466,Все пять компонентов опубликованы; стандартные ошибки региона в сборнике не приведены.,Вакансии относятся к организациям без субъектов малого предпринимательства; показатели населения — к выборочному обследованию рабочей силы.,0.695,0.321,4.1: 34% широкое недоиспользование труда + 30% нехватка вакансий + 13% профессиональное несовпадение + 8% длительность поиска + 15% малый абсолютный запас медианной зарплаты после прожиточного минимума,Сильное согласование с официальным коэффициентом напряжённости: ρ=0.69.
RU-SAR,Саратовская область,5.2,4.74,5.43,40,55,22614.67,20000.208000000002,1.1307217404938987,180.9154784790238,5.84,1.6,67.1,1.8,2.0,0.16258569585927107,4.1,9.1,0.8,0.07228915662650602,0.7134146341463414,0.7195121951219512,0.23439913500154463,0.7710843373493976,53022.0,16237.0,3.265504711461477,36785.0,3.06,1250.013,16.95232064285794,12.846455467365047,Все пять компонентов опубликованы; стандартные ошибки региона в сборнике не приведены.,Вакансии относятся к организациям без субъектов малого предпринимательства; показатели населения — к выборочному обследованию рабочей силы.,0.695,0.321,4.1: 34% широкое недоиспользование труда + 30% нехватка вакансий + 13% профессиональное несовпадение + 8% длительность поиска + 15% малый абсолютный запас медианной зарплаты после прожиточного минимума,Сильное согласование с официальным коэффициентом напряжённости: ρ=0.69.
RU-SE,Республика Северная Осетия-Алания,7.97,7.34,8.32,6,11,3590.45,24375.674000000003,0.14729643988510838,108.99936551498021,4.71,7.4,60.3,8.8,9.7,0.07929235827997633,4.8,12.9,17.4,0.9518072289156626,0.9024390243902439,0.04878048780487805,0.39264751312944085,0.9518072289156626,36962.0,17396.0,2.124741319843642,19566.0,1.43,329.401,15.586152610088554,15.440725385108035,Все пять компонентов опубликованы; стандартные ошибки региона в сборнике не приведены.,Вакансии относятся к организациям без субъектов малого предпринимательства; показатели населения — к выборочному обследованию рабочей силы.,0.695,0.321,4.1: 34% широкое недоиспользование труда + 30% нехватка вакансий + 13% профессиональное несовпадение + 8% длительность поиска + 15% малый абсолютный запас медианной зарплаты после прожиточного минимума,Сильное согласование с официальным коэффициентом напряжённости: ρ=0.69.
RU-SMO,Смоленская область,6.88,6.67,7.07,14,18,9397.63,9260.580000000002,1.0147992890294126,202.95985780588256,5.72,2.0,67.4,2.6,3.7,0.12245239769832013,5.3,15.8,0.7,0.6144578313253012,0.7560975609756098,0.3902439024390244,0.5542940994748223,0.8192771084337349,54089.0,19136.0,2.8265572742474916,34953.0,2.63,463.029,21.685003603313113,12.819614759522334,Все пять компонентов опубликованы; стандартные ошибки региона в сборнике не приведены.,Вакансии относятся к организациям без субъектов малого предпринимательства; показатели населения — к выборочному обследованию рабочей силы.,0.695,0.321,4.1: 34% широкое недоиспользование труда + 30% нехватка вакансий + 13% профессиональное несовпадение + 8% длительность поиска + 15% малый абсолютный запас медианной зарплаты после прожиточного минимума,Сильное согласование с официальным коэффициентом напряжённости: ρ=0.69.
RU-SPE,Санкт-Петербург,2.74,2.44,3.11,81,83,122874.31,48921.615,2.511656861696001,376.7485292544001,8.31,1.5,74.3,1.5,1.7,0.14963536386430493,4.5,2.2,0.9,0.024096385542168676,0.24390243902439024,0.6463414634146342,0.1513747296879827,0.10843373493975904,99944.0,21069.0,4.743651810717167,78875.0,9.02,3261.441,13.96113469264504,10.600715820284279,Все пять компонентов опубликованы; стандартные ошибки региона в сборнике не приведены.,Вакансии относятся к организациям без субъектов малого предпринимательства; показатели населения — к выборочному обследованию рабочей силы.,0.695,0.321,4.1: 34% широкое недоиспользование труда + 30% нехватка вакансий + 13% профессиональное несовпадение + 8% длительность поиска + 15% малый абсолютный запас медианной зарплаты после прожиточного минимума,Сильное согласование с официальным коэффициентом напряжённости: ρ=0.69.
RU-STA,Ставропольский край,5.81,5.58,6.0,31,39,29573.03,50738.336,0.5828537617000289,198.17027897800983,7.99,3.4,65.8,3.4,4.0,0.13488336006285756,5.2,11.2,1.5,0.6566265060240963,0.2682926829268293,0.5121951219512195,0.4234630831016373,0.8674698795180723,51257.0,17396.0,2.946481949873534,33861.0,2.19,1492.304,20.8781211463291,13.250232237254188,Все пять компонентов опубликованы; стандартные ошибки региона в сборнике не приведены.,Вакансии относятся к организациям без субъектов малого предпринимательства; показатели населения — к выборочному обследованию рабочей силы.,0.695,0.321,4.1: 34% широкое недоиспользование труда + 30% нехватка вакансий + 13% профессиональное несовпадение + 8% длительность поиска + 15% малый абсолютный запас медианной зарплаты после прожиточного минимума,Сильное согласование с официальным коэффициентом напряжённости: ρ=0.69.
RU-SVE,Свердловская область,4.42,4.29,4.49,61,67,70344.6,30247.377999999997,2.3256429036592863,325.5900065123001,6.98,1.4,67.8,1.8,3.2,0.1142490159926314,4.9,13.9,0.7,0.42771084337349397,0.4268292682926829,0.24390243902439024,0.4589898053753475,0.25301204819277107,74584.0,19136.0,3.8975752508361206,55448.0,7.72,2160.527,21.46528344798737,7.581281249733807,Все пять компонентов опубликованы; стандартные ошибки региона в сборнике не приведены.,Вакансии относятся к организациям без субъектов малого предпринимательства; показатели населения — к выборочному обследованию рабочей силы.,0.695,0.321,4.1: 34% широкое недоиспользование труда + 30% нехватка вакансий + 13% профессиональное несовпадение + 8% длительность поиска + 15% малый абсолютный запас медианной зарплаты после прожиточного минимума,Сильное согласование с официальным коэффициентом напряжённости: ρ=0.69.
RU-TA,Республика Татарстан,4.05,3.75,4.3,66,72,61700.06,37348.956,1.6519888802246574,297.35799844043834,6.78,1.8,68.2,1.8,2.4,0.15543357839365002,4.0,4.8,0.7,0.1746987951807229,0.49390243902439024,0.6829268292682927,0.12716249613839975,0.21686746987951808,72822.0,16430.0,4.432258064516129,56392.0,8.05,2074.942,21.986880383566977,15.864483961149368,Все пять компонентов опубликованы; стандартные ошибки региона в сборнике не приведены.,Вакансии относятся к организациям без субъектов малого предпринимательства; показатели населения — к выборочному обследованию рабочей силы.,0.695,0.321,4.1: 34% широкое недоиспользование труда + 30% нехватка вакансий + 13% профессиональное несовпадение + 8% длительность поиска + 15% малый абсолютный запас медианной зарплаты после прожиточного минимума,Сильное согласование с официальным коэффициентом напряжённости: ρ=0.69.
RU-TAM,Тамбовская область,5.74,5.29,6.13,28,47,9936.93,9409.312999999998,1.056073913153915,200.65404349924378,6.13,1.9,64.8,2.3,2.4,0.1997730819880961,5.5,7.3,0.9,0.1746987951807229,0.6463414634146342,0.9512195121951219,0.3766604881062713,0.7951807228915663,51969.0,16043.0,3.2393567287913734,35926.0,2.84,495.227,21.10605200023421,14.517731980332659,Все пять компонентов опубликованы; стандартные ошибки региона в сборнике не приведены.,Вакансии относятся к организациям без субъектов малого предпринимательства; показатели населения — к выборочному обследованию рабочей силы.,0.695,0.321,4.1: 34% широкое недоиспользование труда + 30% нехватка вакансий + 13% профессиональное несовпадение + 8% длительность поиска + 15% малый абсолютный запас медианной зарплаты после прожиточного минимума,Сильное согласование с официальным коэффициентом напряжённости: ρ=0.69.
RU-TOM,Томская область,5.98,5.81,6.19,28,34,13960.71,17498.151,0.7978391545483862,263.2869210009674,6.89,3.3,64.3,3.3,4.6,0.13136562732191231,4.2,14.5,1.7,0.7771084337349398,0.47560975609756095,0.47560975609756095,0.39952116156935435,0.3493975903614458,69221.0,18942.0,3.654365959244008,50279.0,6.86,530.247,18.575753719654166,9.743234267478895,Все пять компонентов опубликованы; стандартные ошибки региона в сборнике не приведены.,Вакансии относятся к организациям без субъектов малого предпринимательства; показатели населения — к выборочному обследованию рабочей силы.,0.695,0.321,4.1: 34% широкое недоиспользование труда + 30% нехватка вакансий + 13% профессиональное несовпадение + 8% длительность поиска + 15% малый абсолютный запас медианной зарплаты после прожиточного минимума,Сильное согласование с официальным коэффициентом напряжённости: ρ=0.69.
RU-TUL,Тульская область,4.21,3.88,4.56,61,69,23191.06,16712.535000000003,1.38764466312262,291.4053792557503,7.08,2.1,68.4,2.1,2.2,0.1661662982239373,6.3,14.4,0.5,0.12048192771084337,0.4024390243902439,0.7560975609756098,0.6190145196169292,0.3132530120481928,70629.0,19329.0,3.6540431476020485,51300.0,7.18,795.835,24.363223636772947,11.543740979494466,Все пять компонентов опубликованы; стандартные ошибки региона в сборнике не приведены.,Вакансии относятся к организациям без субъектов малого предпринимательства; показатели населения — к выборочному обследованию рабочей силы.,0.695,0.321,4.1: 34% широкое недоиспользование труда + 30% нехватка вакансий + 13% профессиональное несовпадение + 8% длительность поиска + 15% малый абсолютный запас медианной зарплаты после прожиточного минимума,Сильное согласование с официальным коэффициентом напряжённости: ρ=0.69.
RU-TVE,Тверская область,5.36,5.0,5.61,36,52,22025.22,15438.119999999999,1.4266776006404926,342.4026241537182,9.66,2.4,68.3,2.5,4.2,0.13882836878724678,6.4,20.4,0.9,0.6807228915662651,0.12195121951219512,0.573170731707317,0.7396509113376584,0.5542168674698795,61517.0,18942.0,3.247650723260479,42575.0,5.01,643.255,20.299376679170877,10.9614833878239,Все пять компонентов опубликованы; стандартные ошибки региона в сборнике не приведены.,Вакансии относятся к организациям без субъектов малого предпринимательства; показатели населения — к выборочному обследованию рабочей силы.,0.695,0.321,4.1: 34% широкое недоиспользование труда + 30% нехватка вакансий + 13% профессиональное несовпадение + 8% длительность поиска + 15% малый абсолютный запас медианной зарплаты после прожиточного минимума,Сильное согласование с официальным коэффициентом напряжённости: ρ=0.69.
RU-TY,Республика Тыва,8.16,7.81,8.4,5,9,1432.46,6642.0869999999995,0.21566414291170835,109.98871288497124,2.95,5.1,55.3,4.9,5.6,0.12419033187641232,5.5,13.7,4.7,0.8373493975903614,0.9634146341463414,0.4146341463414634,0.5369168983626815,0.8313253012048193,54341.0,19522.0,2.7835775023050915,34819.0,2.52,130.237,16.7975417634894,9.247947144645053,Все пять компонентов опубликованы; стандартные ошибки региона в сборнике не приведены.,Вакансии относятся к организациям без субъектов малого предпринимательства; показатели населения — к выборочному обследованию рабочей силы.,0.695,0.321,4.1: 34% широкое недоиспользование труда + 30% нехватка вакансий + 13% профессиональное несовпадение + 8% длительность поиска + 15% малый абсолютный запас медианной зарплаты после прожиточного минимума,Сильное согласование с официальным коэффициентом напряжённости: ρ=0.69.
RU-TYU,Тюменская область,5.57,5.14,5.74,32,48,72378.25,15044.939999999999,4.8108034993825175,962.1606998765034,5.89,2.0,62.3,2.4,3.6,0.13240292616979057,3.7,1.4,0.7,0.5783132530120482,0.6951219512195121,0.4878048780487805,0.03934970651838122,0.24096385542168675,74798.0,19329.0,3.8697294221118526,55469.0,7.83,752.247,18.58923600429907,7.300448206497578,Все пять компонентов опубликованы; стандартные ошибки региона в сборнике не приведены.,Вакансии относятся к организациям без субъектов малого предпринимательства; показатели населения — к выборочному обследованию рабочей силы.,0.695,0.321,4.1: 34% широкое недоиспользование труда + 30% нехватка вакансий + 13% профессиональное несовпадение + 8% длительность поиска + 15% малый абсолютный запас медианной зарплаты после прожиточного минимума,Сильное согласование с официальным коэффициентом напряжённости: ρ=0.69.
RU-UD,Удмуртская Республика,3.81,3.74,3.88,67,73,26005.67,10127.488,2.567830245762819,359.49623440679466,8.24,1.4,66.4,1.7,2.9,0.1103455701344914,4.7,12.9,0.6,0.3313253012048193,0.25609756097560976,0.2073170731707317,0.38662341674389866,0.43373493975903615,63543.0,17202.0,3.6939309382629926,46341.0,6.1,723.392,24.628411414630904,18.6704242363243,Все пять компонентов опубликованы; стандартные ошибки региона в сборнике не приведены.,Вакансии относятся к организациям без субъектов малого предпринимательства; показатели населения — к выборочному обследованию рабочей силы.,0.695,0.321,4.1: 34% широкое недоиспользование труда + 30% нехватка вакансий + 13% профессиональное несовпадение + 8% длительность поиска + 15% малый абсолютный запас медианной зарплаты после прожиточного минимума,Сильное согласование с официальным коэффициентом напряжённости: ρ=0.69.
RU-ULY,Ульяновская область,4.46,4.22,4.64,58,67,13353.99,10609.812,1.2586452992758024,226.55615386964445,6.49,1.8,64.6,2.1,2.5,0.1197631775857835,2.8,2.4,0.8,0.21084337349397592,0.5365853658536586,0.35365853658536583,0.03730305838739574,0.6867469879518072,55894.0,17202.0,3.249273340309266,38692.0,3.82,589.434,21.301129996065214,12.08586348013414,Все пять компонентов опубликованы; стандартные ошибки региона в сборнике не приведены.,Вакансии относятся к организациям без субъектов малого предпринимательства; показатели населения — к выборочному обследованию рабочей силы.,0.695,0.321,4.1: 34% широкое недоиспользование труда + 30% нехватка вакансий + 13% профессиональное несовпадение + 8% длительность поиска + 15% малый абсолютный запас медианной зарплаты после прожиточного минимума,Сильное согласование с официальным коэффициентом напряжённости: ρ=0.69.
RU-VGG,Волгоградская область,4.72,4.56,5.1,50,60,30501.71,28367.790000000005,1.0752233430944036,236.54913548076885,7.91,2.2,66.7,2.4,2.6,0.1394232956103894,6.5,22.0,1.2,0.2469879518072289,0.2926829268292683,0.5853658536585366,0.7991967871485943,0.6746987951807228,55370.0,16623.0,3.3309270288154966,38747.0,3.93,1289.445,20.253136171255992,9.704143369504582,Все пять компонентов опубликованы; стандартные ошибки региона в сборнике не приведены.,Вакансии относятся к организациям без субъектов малого предпринимательства; показатели населения — к выборочному обследованию рабочей силы.,0.695,0.321,4.1: 34% широкое недоиспользование труда + 30% нехватка вакансий + 13% профессиональное несовпадение + 8% длительность поиска + 15% малый абсолютный запас медианной зарплаты после прожиточного минимума,Сильное согласование с официальным коэффициентом напряжённости: ρ=0.69.
RU-VLA,Владимирская область,3.33,3.16,3.67,76,81,21748.45,13573.143999999998,1.6023148358258046,304.43981880690285,8.89,1.9,69.5,1.9,2.3,0.0954194433529988,5.8,18.3,0.6,0.14457831325301204,0.2073170731707317,0.12195121951219512,0.6503707136237257,0.5301204819277109,62037.0,18749.0,3.3088164702117444,43288.0,5.23,714.376,21.607226814439162,12.783396118013446,Все пять компонентов опубликованы; стандартные ошибки региона в сборнике не приведены.,Вакансии относятся к организациям без субъектов малого предпринимательства; показатели населения — к выборочному обследованию рабочей силы.,0.695,0.321,4.1: 34% широкое недоиспользование труда + 30% нехватка вакансий + 13% профессиональное несовпадение + 8% длительность поиска + 15% малый абсолютный запас медианной зарплаты после прожиточного минимума,Сильное согласование с официальным коэффициентом напряжённости: ρ=0.69.
RU-VLG,Вологодская область,4.98,4.65,5.22,44,57,20947.42,10922.16,1.9178825433796975,383.5765086759396,8.95,2.0,63.2,2.5,3.6,0.16221654876144037,5.9,12.9,0.8,0.5783132530120482,0.18292682926829268,0.7073170731707317,0.5342137781896819,0.37349397590361444,68275.0,19522.0,3.4973363384899088,48753.0,6.64,546.108,20.67066046509527,5.90987767812039,Все пять компонентов опубликованы; стандартные ошибки региона в сборнике не приведены.,Вакансии относятся к организациям без субъектов малого предпринимательства; показатели населения — к выборочному обследованию рабочей силы.,0.695,0.321,4.1: 34% широкое недоиспользование труда + 30% нехватка вакансий + 13% профессиональное несовпадение + 8% длительность поиска + 15% малый абсолютный запас медианной зарплаты после прожиточного минимума,Сильное согласование с официальным коэффициентом напряжённости: ρ=0.69.
RU-VOR,Воронежская область,6.22,6.04,6.49,19,28,26084.56,26906.176000000003,0.9694636651451324,213.28200633192918,6.99,2.2,68.8,2.6,4.0,0.1521587120407355,7.6,25.3,1.4,0.6566265060240963,0.4146341463414634,0.6707317073170732,0.9097544022242817,0.4819277108433735,61652.0,17009.0,3.6246692927273796,44643.0,5.66,1223.008,18.60039916467855,13.256515986486317,Все пять компонентов опубликованы; стандартные ошибки региона в сборнике не приведены.,Вакансии относятся к организациям без субъектов малого предпринимательства; показатели населения — к выборочному обследованию рабочей силы.,0.695,0.321,4.1: 34% широкое недоиспользование труда + 30% нехватка вакансий + 13% профессиональное несовпадение + 8% длительность поиска + 15% малый абсолютный запас медианной зарплаты после прожиточного минимума,Сильное согласование с официальным коэффициентом напряжённости: ρ=0.69.
RU-YAN,Ямало-Ненецкий автономный округ,3.69,3.39,4.18,65,79,17998.01,3604.3200000000006,4.993455076130864,599.2146091357038,5.65,1.2,75.9,1.3,1.9,0.10173956788958467,1.8,,0.3,0.05421686746987952,0.7926829268292683,0.15853658536585366,0.25301204819277107,0.012048192771084338,142990.0,26480.0,5.3999244712990935,116510.0,9.89,300.36,,,Для части показателей длительности поиска нет опубликованного значения; использован нейтральный процентиль.,Вакансии относятся к организациям без субъектов малого предпринимательства; показатели населения — к выборочному обследованию рабочей силы.,0.695,0.321,4.1: 34% широкое недоиспользование труда + 30% нехватка вакансий + 13% профессиональное несовпадение + 8% длительность поиска + 15% малый абсолютный запас медианной зарплаты после прожиточного минимума,Сильное согласование с официальным коэффициентом напряжённости: ρ=0.69.
RU-YAR,Ярославская область,6.28,5.92,6.41,23,31,15095.72,16426.696000000004,0.9189748200124965,238.93345320324912,5.73,2.6,69.2,3.1,3.4,0.17071789156153816,4.1,3.1,1.0,0.4879518072289157,0.7439024390243902,0.7926829268292683,0.11901451961692924,0.5662650602409639,61847.0,19329.0,3.199699932743546,42518.0,4.9,631.796,19.02524309571827,16.57188140372925,Все пять компонентов опубликованы; стандартные ошибки региона в сборнике не приведены.,Вакансии относятся к организациям без субъектов малого предпринимательства; показатели населения — к выборочному обследованию рабочей силы.,0.695,0.321,4.1: 34% широкое недоиспользование труда + 30% нехватка вакансий + 13% профессиональное несовпадение + 8% длительность поиска + 15% малый абсолютный запас медианной зарплаты после прожиточного минимума,Сильное согласование с официальным коэффициентом напряжённости: ρ=0.69.
RU-YEV,Еврейская автономная область,5.1,4.79,5.58,38,58,2849.94,1573.92,1.8107273559011894,362.1454711802379,9.89,2.0,69.8,2.7,4.7,0.10569143030480356,7.8,34.8,0.4,0.8012048192771084,0.06097560975609756,0.18292682926829268,0.9664813098548038,0.42168674698795183,70535.0,24161.0,2.9193741980878274,46374.0,6.2,78.696,18.326612425666177,11.687432989767244,Все пять компонентов опубликованы; стандартные ошибки региона в сборнике не приведены.,Вакансии относятся к организациям без субъектов малого предпринимательства; показатели населения — к выборочному обследованию рабочей силы.,0.695,0.321,4.1: 34% широкое недоиспользование труда + 30% нехватка вакансий + 13% профессиональное несовпадение + 8% длительность поиска + 15% малый абсолютный запас медианной зарплаты после прожиточного минимума,Сильное согласование с официальным коэффициентом напряжённости: ρ=0.69.
RU-ZAB,Забайкальский край,5.24,4.94,5.8,34,54,19031.93,22306.815,0.8531890366240094,383.93506648080415,9.8,4.5,63.9,5.0,7.0,0.09563713888635644,9.5,49.6,1.3,0.891566265060241,0.09146341463414634,0.13414634146341464,1.0,0.2891566265060241,74389.0,22615.0,3.2893654653990714,51774.0,7.4,495.707,23.301978285132606,14.476024527727006,Все пять компонентов опубликованы; стандартные ошибки региона в сборнике не приведены.,Вакансии относятся к организациям без субъектов малого предпринимательства; показатели населения — к выборочному обследованию рабочей силы.,0.695,0.321,4.1: 34% широкое недоиспользование труда + 30% нехватка вакансий + 13% профессиональное несовпадение + 8% длительность поиска + 15% малый абсолютный запас медианной зарплаты после прожиточного минимума,Сильное согласование с официальным коэффициентом напряжённости: ρ=0.69.
RU-SEV,Севастополь,6.48,6.24,6.69,17,27,,7590.000000000001,,,,2.5,63.0,2.6,3.4,,7.1,13.2,2.2,0.4879518072289157,,,0.6803367315415508,0.8433734939759037,54532.0,19716.0,2.7658754311219313,34816.0,2.41,303.6,21.452426298754478,5.981042802487191,"Индекс рассчитан по трём доступным официальным компонентам из пяти; профессиональный срез 1-Т(проф) для города неполон, поэтому его два компонента исключены, а веса доступных показателей пропорционально пересчитаны.",Вакансии относятся к организациям без субъектов малого предпринимательства; показатели населения — к выборочному обследованию рабочей силы.,0.695,0.321,4.1: 34% широкое недоиспользование труда + 30% нехватка вакансий + 13% профессиональное несовпадение + 8% длительность поиска + 15% малый абсолютный запас медианной зарплаты после прожиточного минимума,Сильное согласование с официальным коэффициентом напряжённости: ρ=0.69.
