subject,unemployment_rate_2024_annual,broad_underutilization_rate_2024,official_employment_rate_2024,official_unemployment_rate_2024,official_tension_coefficient_2024,average_job_search_months_2024,long_term_unemployment_share_2024
Белгородская область,2.9,3.5,61.9,2.9,1.0,3.6,4.6
Брянская область,2.3,3.9,57.6,2.3,0.9,5.7,13.4
Владимирская область,1.9,2.3,62.4,1.9,0.6,5.8,18.3
Воронежская область,2.6,4.0,61.2,2.6,1.4,7.6,25.3
Ивановская область,2.4,2.7,61.3,2.4,0.7,6.8,22.3
Калужская область,1.5,3.3,61.8,1.5,0.6,4.1,8.4
Костромская область,2.4,3.5,57.3,2.4,0.8,4.1,9.3
Курская область,1.9,2.1,60.0,1.9,1.0,4.1,
Липецкая область,2.1,2.6,61.3,2.1,0.7,4.6,6.9
Московская область,1.7,2.7,64.8,1.7,1.0,3.9,6.4
Орловская область,2.6,4.4,55.1,2.6,0.6,5.4,8.6
Рязанская область,2.3,3.0,55.5,2.3,0.8,5.4,17.7
Смоленская область,2.6,3.7,58.7,2.6,0.7,5.3,15.8
Тамбовская область,2.3,2.4,57.1,2.3,0.9,5.5,7.3
Тверская область,2.5,4.2,61.8,2.5,0.9,6.4,20.4
Тульская область,2.1,2.2,61.4,2.1,0.5,6.3,14.4
Ярославская область,3.1,3.4,60.7,3.1,1.0,4.1,3.1
Москва,1.0,1.3,64.3,1.0,0.7,5.0,7.4
Республика Карелия,4.1,6.2,55.3,4.1,1.5,5.8,18.0
Республика Коми,3.7,5.6,58.6,3.7,1.2,7.0,30.8
Ненецкий автономный округ,5.0,7.1,67.5,5.0,1.4,6.8,12.5
Архангельская область,2.7,4.6,55.4,2.7,1.1,6.4,17.2
Вологодская область,2.5,3.6,56.9,2.5,0.8,5.9,12.9
Калининградская область,2.5,2.9,65.0,2.5,1.0,5.1,10.3
Ленинградская область,2.8,3.3,62.9,2.8,0.5,4.6,7.0
Мурманская область,2.6,4.4,62.9,2.6,0.5,5.1,15.1
Новгородская область,1.4,2.5,59.7,1.4,0.7,6.5,23.8
Псковская область,2.3,3.5,62.2,2.3,0.7,7.1,20.5
Санкт-Петербург,1.5,1.7,67.0,1.5,0.9,4.5,2.2
Республика Адыгея,2.6,4.3,50.2,2.6,1.1,3.8,1.4
Республика Калмыкия,5.1,5.1,60.7,5.1,4.3,3.8,3.8
Краснодарский край,2.0,3.1,60.1,2.0,0.7,4.6,15.2
Астраханская область,2.7,2.7,63.9,2.7,1.5,1.8,
Волгоградская область,2.4,2.6,59.8,2.4,1.2,6.5,22.0
Ростовская область,2.4,3.6,62.2,2.4,1.1,4.4,3.3
Севастополь,2.6,3.4,62.0,2.6,2.2,7.1,13.2
Республика Дагестан,11.2,16.2,54.5,11.2,38.3,7.8,25.7
Республика Ингушетия,26.4,26.7,52.0,26.4,283.3,6.2,18.1
Кабардино-Балкарская Республика,6.5,6.5,58.6,6.5,6.2,5.6,5.4
Карачаево-Черкесская Республика,6.9,8.0,55.6,6.9,5.2,7.7,26.2
Республика Северная Осетия-Алания,8.8,9.7,53.6,8.8,17.4,4.8,12.9
Чеченская Республика,8.7,9.1,56.3,8.7,28.6,7.5,17.9
Ставропольский край,3.4,4.0,60.1,3.4,1.5,5.2,11.2
Республика Башкортостан,1.8,3.0,57.3,1.8,0.6,4.9,11.1
Республика Марий Эл,2.3,3.2,61.9,2.3,0.9,7.0,24.3
Республика Мордовия,2.0,2.6,60.6,2.0,1.0,8.0,27.8
Республика Татарстан,1.8,2.4,62.3,1.8,0.7,4.0,4.8
Удмуртская Республика,1.7,2.9,61.0,1.7,0.6,4.7,12.9
Чувашская Республика,2.1,3.0,60.6,2.1,1.1,4.9,11.3
Пермский край,2.2,3.3,58.0,2.2,0.9,5.9,21.3
Кировская область,2.0,2.2,59.9,2.0,0.6,4.5,10.6
Нижегородская область,1.3,1.8,63.7,1.3,0.3,4.9,12.1
Оренбургская область,1.6,1.9,62.7,1.6,0.7,6.4,19.9
Пензенская область,2.2,3.5,59.5,2.2,1.4,4.0,4.6
Самарская область,2.0,2.6,62.3,2.0,0.7,4.2,8.9
Саратовская область,1.8,2.0,59.8,1.8,0.8,4.1,9.1
Ульяновская область,2.1,2.5,58.7,2.1,0.8,2.8,2.4
Курганская область,2.8,4.3,55.7,2.8,1.2,6.4,21.5
Свердловская область,1.8,3.2,60.7,1.8,0.7,4.9,13.9
Ханты-Мансийский автономный округ — Югра,1.3,1.5,68.0,1.3,0.6,2.4,
Ямало-Ненецкий автономный округ,1.3,1.9,74.0,1.3,0.3,1.8,
Тюменская область,2.4,3.6,58.3,2.4,0.7,3.7,1.4
Челябинская область,1.9,2.4,65.9,1.9,0.8,5.2,9.7
Республика Алтай,7.3,10.5,54.2,7.3,3.3,6.0,21.1
Республика Тыва,4.9,5.6,52.9,4.9,4.7,5.5,13.7
Республика Хакасия,1.6,3.8,61.2,1.6,0.7,8.2,25.0
Алтайский край,3.4,4.7,62.9,3.4,1.5,6.6,21.0
Красноярский край,1.5,2.4,62.0,1.5,0.4,6.7,18.7
Иркутская область,3.1,5.9,60.3,3.1,1.0,4.5,9.0
Кемеровская область,2.7,4.3,56.6,2.7,0.8,5.0,13.2
Новосибирская область,2.8,4.3,58.7,2.8,0.9,5.0,13.2
Омская область,3.0,4.2,60.1,3.0,1.4,5.7,18.6
Томская область,3.3,4.6,59.8,3.3,1.7,4.2,14.5
Республика Бурятия,4.5,9.9,54.1,4.5,1.4,7.2,25.8
Республика Саха (Якутия),5.1,7.1,64.6,5.1,2.6,4.0,5.0
Забайкальский край,5.0,7.0,57.3,5.0,1.3,9.5,49.6
Камчатский край,2.0,3.0,69.8,2.0,0.5,6.2,19.8
Приморский край,2.1,3.6,63.9,2.1,0.4,6.8,25.3
Хабаровский край,1.6,2.1,66.8,1.6,0.4,5.1,11.5
Амурская область,1.3,2.7,65.6,1.3,0.1,6.4,17.7
Магаданская область,2.6,3.0,68.7,2.6,0.6,8.6,13.0
Сахалинская область,2.4,3.6,69.2,2.4,0.6,4.1,4.8
Еврейская автономная область,2.7,4.7,61.9,2.7,0.4,7.8,34.8
Чукотский автономный округ,1.5,2.2,79.0,1.5,0.3,3.3,
